-- phpMyAdmin SQL Dump
-- version 4.8.5
-- https://www.phpmyadmin.net/
--
-- Máy chủ: 127.0.0.1
-- Thời gian đã tạo: Th2 28, 2021 lúc 12:33 PM
-- Phiên bản máy phục vụ: 10.1.38-MariaDB
-- Phiên bản PHP: 7.3.2

SET SQL_MODE = "NO_AUTO_VALUE_ON_ZERO";
SET AUTOCOMMIT = 0;
START TRANSACTION;
SET time_zone = "+00:00";


/*!40101 SET @OLD_CHARACTER_SET_CLIENT=@@CHARACTER_SET_CLIENT */;
/*!40101 SET @OLD_CHARACTER_SET_RESULTS=@@CHARACTER_SET_RESULTS */;
/*!40101 SET @OLD_COLLATION_CONNECTION=@@COLLATION_CONNECTION */;
/*!40101 SET NAMES utf8mb4 */;

--
-- Cơ sở dữ liệu: `pt15312-asm`
--

-- --------------------------------------------------------

--
-- Cấu trúc bảng cho bảng `blog`
--

CREATE TABLE `blog` (
  `id` int(11) NOT NULL,
  `name` mediumtext NOT NULL,
  `detail` mediumtext NOT NULL,
  `description` mediumtext NOT NULL,
  `created_at` timestamp NOT NULL DEFAULT CURRENT_TIMESTAMP,
  `updated_at` timestamp NOT NULL DEFAULT CURRENT_TIMESTAMP
) ENGINE=InnoDB DEFAULT CHARSET=utf8mb4;

--
-- Đang đổ dữ liệu cho bảng `blog`
--

INSERT INTO `blog` (`id`, `name`, `detail`, `description`, `created_at`, `updated_at`) VALUES
(1, '\r\nNeymar tán tỉnh người mẫu \'ngực khủng\' Chiara Nasti', 'Sau khi chia tay với bạn gái xinh đẹp Natalia Barulich, siêu sao Neymar đang được cho là đã để mắt đến Chiara Nasti, người mẫu có ảnh hưởng đến thời trang Ý.', '<div style=\"box-sizing: border-box; outline: 0px; color: #111111; font-size: 18px; margin-bottom: 20px; font-family: Tno, \'Helvetica Neue\', Helvetica, Arial, sans-serif; background-color: #ffffff; line-height: 30px !important;\">&nbsp;</div>\r\n<div style=\"box-sizing: border-box; outline: 0px; color: #111111; font-size: 18px; margin-bottom: 20px; font-family: Tno, \'Helvetica Neue\', Helvetica, Arial, sans-serif; background-color: #ffffff; line-height: 30px !important;\"><img style=\"float: left;\" src=\"https://image.thanhnien.vn/660/uploaded/minhtan/2021_02_11/2021-02-10t201708z_1318948057_up1eh2a1kckkf_rtrmadp_3_soccer-france-cae-psg-report_eciv.jpg\" alt=\"Neymar lại vướng v&agrave;o tin đồn với người đẹp /// Reuters\" /></div>\r\n<div style=\"box-sizing: border-box; outline: 0px; color: #111111; font-size: 18px; margin-bottom: 20px; font-family: Tno, \'Helvetica Neue\', Helvetica, Arial, sans-serif; background-color: #ffffff; line-height: 30px !important;\">&nbsp;</div>\r\n<div style=\"box-sizing: border-box; outline: 0px; color: #111111; font-size: 18px; margin-bottom: 20px; font-family: Tno, \'Helvetica Neue\', Helvetica, Arial, sans-serif; background-color: #ffffff; line-height: 30px !important;\">&nbsp;</div>\r\n<div style=\"box-sizing: border-box; outline: 0px; color: #111111; font-size: 18px; margin-bottom: 20px; font-family: Tno, \'Helvetica Neue\', Helvetica, Arial, sans-serif; background-color: #ffffff; line-height: 30px !important;\">&nbsp;</div>\r\n<div style=\"box-sizing: border-box; outline: 0px; color: #111111; font-size: 18px; margin-bottom: 20px; font-family: Tno, \'Helvetica Neue\', Helvetica, Arial, sans-serif; background-color: #ffffff; line-height: 30px !important;\">&nbsp;</div>\r\n<div style=\"box-sizing: border-box; outline: 0px; color: #111111; font-size: 18px; margin-bottom: 20px; font-family: Tno, \'Helvetica Neue\', Helvetica, Arial, sans-serif; background-color: #ffffff; line-height: 30px !important;\">&nbsp;</div>\r\n<div style=\"box-sizing: border-box; outline: 0px; color: #111111; font-size: 18px; margin-bottom: 20px; font-family: Tno, \'Helvetica Neue\', Helvetica, Arial, sans-serif; background-color: #ffffff; line-height: 30px !important;\">&nbsp;</div>\r\n<div style=\"box-sizing: border-box; outline: 0px; color: #111111; font-size: 18px; margin-bottom: 20px; font-family: Tno, \'Helvetica Neue\', Helvetica, Arial, sans-serif; background-color: #ffffff; line-height: 30px !important;\">&nbsp;</div>\r\n<div style=\"box-sizing: border-box; outline: 0px; color: #111111; font-size: 18px; margin-bottom: 20px; font-family: Tno, \'Helvetica Neue\', Helvetica, Arial, sans-serif; background-color: #ffffff; line-height: 30px !important;\">&nbsp;</div>\r\n<div style=\"box-sizing: border-box; outline: 0px; color: #111111; font-size: 18px; margin-bottom: 20px; font-family: Tno, \'Helvetica Neue\', Helvetica, Arial, sans-serif; background-color: #ffffff; line-height: 30px !important;\">&nbsp;</div>\r\n<div style=\"box-sizing: border-box; outline: 0px; color: #111111; font-size: 18px; margin-bottom: 20px; font-family: Tno, \'Helvetica Neue\', Helvetica, Arial, sans-serif; background-color: #ffffff; line-height: 30px !important;\">Gần đ&acirc;y c&oacute; tin đồn rằng&nbsp;<a style=\"box-sizing: border-box; text-decoration-line: none; color: #00739f; background-color: transparent; display: inline; transition: all 0.2s ease-out 0s; line-height: 30px !important;\" href=\"https://thanhnien.vn/the-thao/hau-truong/neymar-hon-xieu-phach-lac-trong-ngay-le-halloween-124193t.html\" target=\"_blank\" rel=\"noopener\">Neymar</a>&nbsp;đang hẹn h&ograve; với ca sĩ Emilia Mernes sau khi cặp đ&ocirc;i c&oacute; những b&igrave;nh luận l&atilde;ng mạn với nhau tr&ecirc;n&nbsp;<a style=\"box-sizing: border-box; text-decoration-line: none; color: #00739f; background-color: transparent; display: inline; transition: all 0.2s ease-out 0s; line-height: 30px !important;\" href=\"https://thanhnien.vn/gioi-tre/the-gioi-mang/\" rel=\"\">mạng x&atilde; hội</a>. Tuy nhi&ecirc;n, đ&oacute; c&oacute; vẻ l&agrave; &ldquo;một c&uacute; lừa&rdquo; của si&ecirc;u sao người Brazil.</div>\r\n<div style=\"box-sizing: border-box; outline: 0px; color: #111111; font-size: 18px; margin-bottom: 20px; font-family: Tno, \'Helvetica Neue\', Helvetica, Arial, sans-serif; background-color: #ffffff; line-height: 30px !important;\">Trong một Instagram Live, Mernes đ&atilde; khẳng định: \"T&ocirc;i kh&ocirc;ng phải l&agrave; bạn g&aacute;i của Neymar. Ch&uacute;ng t&ocirc;i gặp nhau lần đầu khoảng hai năm trước. Neymar biết t&ocirc;i qua &acirc;m nhạc của t&ocirc;i v&agrave; viết thư cho t&ocirc;i v&igrave; điều đ&oacute;. V&agrave; từ đ&oacute; ch&uacute;ng t&ocirc;i vẫn giữ li&ecirc;n lạc. Anh ấy l&agrave; một người tuyệt vời&rdquo;.</div>\r\n<div style=\"box-sizing: border-box; outline: 0px; color: #111111; font-size: 18px; margin-bottom: 20px; font-family: Tno, \'Helvetica Neue\', Helvetica, Arial, sans-serif; background-color: #ffffff; line-height: 30px !important;\">C&aacute;c th&ocirc;ng tin tr&ecirc;n tờ&nbsp;<span style=\"box-sizing: border-box; font-style: inherit; font-family: Roboto-Italic, Arial, Helvetica, sans-serif; line-height: 30px !important;\">Corriere dello Sport</span>&nbsp;cho thấy tiền đạo của&nbsp;<a style=\"box-sizing: border-box; text-decoration-line: none; color: #00739f; background-color: transparent; display: inline; transition: all 0.2s ease-out 0s; line-height: 30px !important;\" href=\"https://thanhnien.vn/psg/\" rel=\"\">PSG</a>&nbsp;đ&atilde; t&aacute;n tỉnh người mẫu 23 tuổi Chiara Nasti. Theo tạp ch&iacute; Chi, đạo diễn Alfonso Signorini cho biết: &ldquo;Kh&ocirc;ng c&oacute; bức ảnh n&agrave;o của Nasti m&agrave; kh&ocirc;ng c&oacute;&nbsp;<a style=\"box-sizing: border-box; text-decoration-line: none; color: #00739f; background-color: transparent; display: inline; transition: all 0.2s ease-out 0s; line-height: 30px !important;\" href=\"https://thanhnien.vn/the-thao/bong-da-quoc-te/neymar-toi-da-tinh-tu-gia-su-nghiep-bong-da-vi-bi-chui-rua-qua-nhieu-127183t.html\" target=\"_blank\" rel=\"noopener\">like hay thả tim</a>&nbsp;từ Neymar. Anh ấy đang l&agrave;m mọi c&aacute;ch để gặp Nasti, nhưng hiện tại c&ocirc; ấy kh&ocirc;ng c&oacute; bất kỳ động th&aacute;i n&agrave;o&rdquo;.</div>\r\n<div style=\"box-sizing: border-box; outline: 0px; color: #111111; font-size: 18px; margin-bottom: 20px; font-family: Tno, \'Helvetica Neue\', Helvetica, Arial, sans-serif; background-color: #ffffff; line-height: 30px !important;\">\r\n<table class=\"imagefull\" style=\"border-spacing: 0px; width: auto; background-color: transparent; margin-bottom: 10px; height: auto; line-height: 30px !important;\" align=\"center\">\r\n<tbody style=\"box-sizing: border-box; margin-bottom: 0px; line-height: 30px !important;\">\r\n<tr style=\"box-sizing: border-box; margin-bottom: 0px; line-height: 30px !important;\">\r\n<td style=\"box-sizing: border-box; padding: 0px; margin-bottom: 0px; line-height: 30px !important;\">\r\n<div style=\"box-sizing: border-box; outline: 0px; color: #595959; margin-bottom: 0px; text-align: center; line-height: 30px !important;\">\r\n<div class=\"pswp-content__wrapimage\" style=\"box-sizing: border-box; outline: 0px; color: #111111; position: relative; margin: 0px; line-height: 30px !important;\">\r\n<div class=\"pswp-content__image\" style=\"box-sizing: border-box; outline: 0px; margin: 0px; line-height: 30px !important;\">\r\n<figure style=\"box-sizing: border-box; display: block; margin: 0px; line-height: 30px !important;\" data-index=\"1\"><img class=\"loaded\" style=\"box-sizing: border-box; border: 0px; vertical-align: middle; width: 638.4px; max-width: 100%; min-height: 1px; margin-bottom: 0px; height: auto; line-height: 30px !important; float: left;\" src=\"https://image.thanhnien.vn/660/uploaded/minhtan/2021_02_11/screenshot_44_fsjd.png\" alt=\"Neymar t&aacute;n tỉnh người mẫu \'ngực khủng\' Chiara Nasti - ảnh 1\" data-src=\"https://image.thanhnien.vn/660/uploaded/minhtan/2021_02_11/screenshot_44_fsjd.png\" data-was-processed=\"true\" /></figure>\r\n</div>\r\n</div>\r\n<div class=\"pswp-content__caption\" style=\"box-sizing: border-box; outline: 0px; color: #111111; position: relative; margin-top: 5px; margin-bottom: 5px; line-height: 30px !important;\">\r\n<div class=\"imgcaption\" style=\"box-sizing: border-box; outline: 0px; color: #555555; font-size: 14px !important; line-height: 1.42857 !important; margin-bottom: 0px; padding-bottom: 10px; margin-top: 10px; border-bottom: 1px dotted #c2c2c2; text-align: left;\">\r\n<p style=\"box-sizing: border-box; margin: 0px; line-height: 1.42857 !important; text-align: left;\">Người mẫu Chiara Nasti đang được Neymar để mắt</p>\r\n<div class=\"source\" style=\"box-sizing: border-box; outline: 0px; color: #aaaaaa; margin-bottom: 0px; text-transform: uppercase; margin-top: 2px; font-size: 12px !important; line-height: 1.42857 !important;\">\r\n<p style=\"box-sizing: border-box; margin: 0px; line-height: 1.42857 !important;\">INSTAGRAM NH&Acirc;N VẬT</p>\r\n</div>\r\n</div>\r\n</div>\r\n</div>\r\n</td>\r\n</tr>\r\n</tbody>\r\n</table>\r\n</div>\r\n<div style=\"box-sizing: border-box; outline: 0px; color: #111111; font-size: 18px; margin-bottom: 20px; font-family: Tno, \'Helvetica Neue\', Helvetica, Arial, sans-serif; background-color: #ffffff; line-height: 30px !important;\">Chiara Nasti sinh ng&agrave;y 22.1.1998. C&ocirc; g&aacute;i đến từ&nbsp;<a style=\"box-sizing: border-box; text-decoration-line: none; color: #00739f; background-color: transparent; display: inline; transition: all 0.2s ease-out 0s; line-height: 30px !important;\" href=\"https://thanhnien.vn/napoli/\" rel=\"\">Napoli</a>&nbsp;(&Yacute;) đang c&oacute; đến 1,7 triệu người theo d&otilde;i tr&ecirc;n Instagram. Kh&ocirc;ng sở hữu chiều cao ấn tượng nhưng với th&acirc;n h&igrave;nh bốc lửa c&ugrave;ng với v&ograve;ng 1 &ldquo;cực khủng&rdquo;, người mẫu 23 tuổi đ&atilde; c&oacute; cơ hội l&agrave;m việc với một số nh&atilde;n hiệu thời trang t&ecirc;n tuổi bao gồm Armani v&agrave; Trussardi.</div>\r\n<div style=\"box-sizing: border-box; outline: 0px; color: #111111; font-size: 18px; margin-bottom: 20px; font-family: Tno, \'Helvetica Neue\', Helvetica, Arial, sans-serif; background-color: #ffffff; line-height: 30px !important;\">Chasti cũng đ&atilde; từng xuất hiện tr&ecirc;n c&aacute;c chương tr&igrave;nh truyền h&igrave;nh thực tế ở &Yacute; như &ldquo;Dance, Dance, Dance&rdquo; v&agrave; &ldquo;The Island of the Famous&rdquo;. C&ocirc; đ&atilde; đ&iacute;nh h&ocirc;n với doanh nh&acirc;n Ugo Abbamonte v&agrave;o năm 2017 nhưng họ đ&atilde; chia tay một năm trước. Em g&aacute;i của c&ocirc;, Angela, cũng đang hẹn h&ograve; với cầu thủ&nbsp;<a style=\"box-sizing: border-box; text-decoration-line: none; color: #00739f; background-color: transparent; display: inline; transition: all 0.2s ease-out 0s; line-height: 30px !important;\" href=\"https://thanhnien.vn/the-thao/\" rel=\"\">b&oacute;ng đ&aacute;</a>&nbsp;người &Yacute; Kevin Bonifazi, người đang được Torino cho Udinese mượn.</div>\r\n<div style=\"box-sizing: border-box; outline: 0px; color: #111111; font-size: 18px; margin-bottom: 20px; font-family: Tno, \'Helvetica Neue\', Helvetica, Arial, sans-serif; background-color: #ffffff; line-height: 30px !important;\">V&agrave;o cuối tuần qua, PSG của Neymar đ&atilde; vượt qua Marseille 2-0 bằng c&aacute;c b&agrave;n thắng của&nbsp;<a style=\"box-sizing: border-box; text-decoration-line: none; color: #00739f; background-color: transparent; display: inline; transition: all 0.2s ease-out 0s; line-height: 30px !important;\" href=\"https://thanhnien.vn/mbappe/\" rel=\"\">Mbappe</a>&nbsp;v&agrave; Icardi, một trận đấu m&agrave; si&ecirc;u sao người Brazil được&nbsp;<a style=\"box-sizing: border-box; text-decoration-line: none; color: #00739f; background-color: transparent; display: inline; transition: all 0.2s ease-out 0s; line-height: 30px !important;\" href=\"https://thanhnien.vn/the-thao/bong-da-quoc-te/sieu-kinh-dien-phap-marseille-vs-psg-hlv-pochettino-sot-vo-vi-neymar-dau-bung-129462t.html\" target=\"_blank\" rel=\"noopener\">HLV Mauricio Pochettino</a>&nbsp;để Neymar ngồi dự bị. L&uacute;c n&agrave;y, PSG đang c&oacute; 51 điểm v&agrave; xếp thứ 3 tr&ecirc;n BXH Ligue 1 2020-2021 nhưng khoảng c&aacute;ch với đội đầu bảng Lille chỉ c&ograve;n 3 điểm.</div>', '2021-02-25 00:01:45', '2021-02-25 02:15:42'),
(3, '\r\n\r\nThủ môn Bùi Tiến Dũng đưa bạn gái người mẫu xinh đẹp về quê ăn Tết', 'Chàng thủ môn “quốc dân” Bùi Tiến Dũng lần đầu đưa nàng người mẫu Ukraine xinh đẹp Dianka Zakhidova về quê nhà Thanh Hóa ăn Tết trong sự quan tâm đặc biệt của bà con họ hàng.', '<div id=\"contentAvatar\" style=\"box-sizing: border-box; outline: 0px; color: #333333; font-family: Tno, \'Helvetica Neue\', Helvetica, Arial, sans-serif; font-size: 13px; background-color: #ffffff;\">\r\n<div class=\"pswp-content__wrapimage\" style=\"box-sizing: border-box; outline: 0px; position: relative; margin-bottom: 25px;\">\r\n<div class=\"pswp-content__image\" style=\"box-sizing: border-box; outline: 0px; text-align: center;\">\r\n<figure style=\"box-sizing: border-box; display: block; margin: 0px;\"><a style=\"box-sizing: border-box; background-color: transparent; display: block; transition: all 0.2s ease-out 0s;\" data-size=\"\"><img class=\"storyavatar loading\" style=\"box-sizing: border-box; border: 0px; vertical-align: middle; width: 639px; max-width: 100%; float: left;\" src=\"https://image.thanhnien.vn/660/uploaded/hoangquynh/2021_02_09/photo-collage9_bsnx.png\" alt=\"Người mẫu Ukraine th&iacute;ch th&uacute; khi lần đầu về qu&ecirc; bạn trai B&ugrave;i Tiến Dũng ăn Tết /// FBNV\" data-was-processed=\"true\" /></a></figure>\r\n</div>\r\n<div class=\"pswp-content__caption\" style=\"box-sizing: border-box; outline: 0px; position: relative; margin-top: 5px;\">\r\n<div class=\"imgcaption\" style=\"box-sizing: border-box; outline: 0px; font-size: 14px; line-height: 1.42857; color: #555555; padding-bottom: 10px; margin-top: 10px; border-bottom: 1px dotted #c2c2c2;\">&nbsp;</div>\r\n<div class=\"imgcaption\" style=\"box-sizing: border-box; outline: 0px; font-size: 14px; line-height: 1.42857; color: #555555; padding-bottom: 10px; margin-top: 10px; border-bottom: 1px dotted #c2c2c2;\">&nbsp;</div>\r\n<div class=\"imgcaption\" style=\"box-sizing: border-box; outline: 0px; font-size: 14px; line-height: 1.42857; color: #555555; padding-bottom: 10px; margin-top: 10px; border-bottom: 1px dotted #c2c2c2;\">&nbsp;</div>\r\n<div class=\"imgcaption\" style=\"box-sizing: border-box; outline: 0px; font-size: 14px; line-height: 1.42857; color: #555555; padding-bottom: 10px; margin-top: 10px; border-bottom: 1px dotted #c2c2c2;\">&nbsp;</div>\r\n<div class=\"imgcaption\" style=\"box-sizing: border-box; outline: 0px; font-size: 14px; line-height: 1.42857; color: #555555; padding-bottom: 10px; margin-top: 10px; border-bottom: 1px dotted #c2c2c2;\">&nbsp;</div>\r\n<div class=\"imgcaption\" style=\"box-sizing: border-box; outline: 0px; font-size: 14px; line-height: 1.42857; color: #555555; padding-bottom: 10px; margin-top: 10px; border-bottom: 1px dotted #c2c2c2;\">&nbsp;</div>\r\n<div class=\"imgcaption\" style=\"box-sizing: border-box; outline: 0px; font-size: 14px; line-height: 1.42857; color: #555555; padding-bottom: 10px; margin-top: 10px; border-bottom: 1px dotted #c2c2c2;\">&nbsp;</div>\r\n<div class=\"imgcaption\" style=\"box-sizing: border-box; outline: 0px; font-size: 14px; line-height: 1.42857; color: #555555; padding-bottom: 10px; margin-top: 10px; border-bottom: 1px dotted #c2c2c2;\">&nbsp;</div>\r\n<div class=\"imgcaption\" style=\"box-sizing: border-box; outline: 0px; font-size: 14px; line-height: 1.42857; color: #555555; padding-bottom: 10px; margin-top: 10px; border-bottom: 1px dotted #c2c2c2;\">&nbsp;</div>\r\n<div class=\"imgcaption\" style=\"box-sizing: border-box; outline: 0px; font-size: 14px; line-height: 1.42857; color: #555555; padding-bottom: 10px; margin-top: 10px; border-bottom: 1px dotted #c2c2c2;\">&nbsp;</div>\r\n<div class=\"imgcaption\" style=\"box-sizing: border-box; outline: 0px; font-size: 14px; line-height: 1.42857; color: #555555; padding-bottom: 10px; margin-top: 10px; border-bottom: 1px dotted #c2c2c2;\">&nbsp;</div>\r\n<div class=\"imgcaption\" style=\"box-sizing: border-box; outline: 0px; font-size: 14px; line-height: 1.42857; color: #555555; padding-bottom: 10px; margin-top: 10px; border-bottom: 1px dotted #c2c2c2;\">&nbsp;</div>\r\n<div class=\"imgcaption\" style=\"box-sizing: border-box; outline: 0px; font-size: 14px; line-height: 1.42857; color: #555555; padding-bottom: 10px; margin-top: 10px; border-bottom: 1px dotted #c2c2c2;\">Người mẫu Ukraine th&iacute;ch th&uacute; khi lần đầu về qu&ecirc; bạn trai B&ugrave;i Tiến Dũng ăn Tết\r\n<div class=\"source\" style=\"box-sizing: border-box; outline: 0px; color: #aaaaaa; text-transform: uppercase; margin-top: 2px; font-size: 12px !important;\">FBNV</div>\r\n</div>\r\n</div>\r\n</div>\r\n</div>\r\n<div id=\"livetimelinetop\" style=\"box-sizing: border-box; outline: 0px; color: #333333; font-family: Tno, \'Helvetica Neue\', Helvetica, Arial, sans-serif; font-size: 13px; background-color: #ffffff;\"></div>\r\n<div id=\"abdf\" class=\"details__content\" style=\"box-sizing: border-box; outline: 0px; width: 639px; float: none; color: #333333; font-family: Tno, \'Helvetica Neue\', Helvetica, Arial, sans-serif; font-size: 13px; background-color: #ffffff;\">\r\n<div id=\"main_detail_sport\" class=\"clearfix\" style=\"box-sizing: border-box; outline: 0px; color: #111111; font-size: 18px !important; line-height: 30px !important; margin-bottom: 20px;\">\r\n<div id=\"abody\" class=\"cms-body detail\" style=\"box-sizing: border-box; outline: 0px; margin-bottom: 0px; max-width: 100%; line-height: 30px !important;\">\r\n<div style=\"box-sizing: border-box; outline: 0px; margin-bottom: 20px; line-height: 30px !important;\">Tr&ecirc;n trang c&aacute; nh&acirc;n, người mẫu Ukraine Dianka Zakhidova li&ecirc;n tục đăng tải h&igrave;nh ảnh lần đầu theo ch&acirc;n bạn trai B&ugrave;i Tiến Dũng về qu&ecirc; ở x&atilde; Ph&uacute;c Thịnh, huyện Ngọc Lặc, Thanh H&oacute;a đ&oacute;n Tết.</div>\r\n<div style=\"box-sizing: border-box; outline: 0px; margin-bottom: 20px; line-height: 30px !important;\">\r\n<table class=\"imagefull\" style=\"border-spacing: 0px; width: auto; background-color: transparent; margin-bottom: 10px; height: auto; line-height: 30px !important;\" align=\"center\">\r\n<tbody style=\"box-sizing: border-box; margin-bottom: 0px; line-height: 30px !important;\">\r\n<tr style=\"box-sizing: border-box; margin-bottom: 0px; line-height: 30px !important;\">\r\n<td style=\"box-sizing: border-box; padding: 0px; margin-bottom: 0px; line-height: 30px !important;\">\r\n<div style=\"box-sizing: border-box; outline: 0px; color: #595959; margin-bottom: 0px; text-align: center; line-height: 30px !important;\">\r\n<div class=\"pswp-content__wrapimage\" style=\"box-sizing: border-box; outline: 0px; color: #111111; position: relative; margin: 0px; line-height: 30px !important;\">\r\n<div class=\"pswp-content__image\" style=\"box-sizing: border-box; outline: 0px; margin: 0px; line-height: 30px !important;\">\r\n<figure style=\"box-sizing: border-box; display: block; margin: 0px; line-height: 30px !important;\" data-index=\"1\"><img class=\"loaded\" style=\"box-sizing: border-box; border: 0px; vertical-align: middle; width: 638.4px; max-width: 100%; display: block; min-height: 1px; margin-left: auto; margin-right: auto; margin-bottom: 0px; height: auto; line-height: 30px !important;\" src=\"https://image.thanhnien.vn/660/uploaded/hoangquynh/2021_02_09/btd_doag.jpg\" alt=\"Thủ m&ocirc;n B&ugrave;i Tiến Dũng đưa bạn g&aacute;i người mẫu xinh đẹp về qu&ecirc; ăn Tết - ảnh 1\" data-src=\"https://image.thanhnien.vn/660/uploaded/hoangquynh/2021_02_09/btd_doag.jpg\" data-was-processed=\"true\" /></figure>\r\n</div>\r\n</div>\r\n<div class=\"pswp-content__caption\" style=\"box-sizing: border-box; outline: 0px; color: #111111; position: relative; margin-top: 5px; margin-bottom: 5px; line-height: 30px !important;\">\r\n<div class=\"imgcaption\" style=\"box-sizing: border-box; outline: 0px; color: #555555; font-size: 14px !important; line-height: 1.42857 !important; margin-bottom: 0px; padding-bottom: 10px; margin-top: 10px; border-bottom: 1px dotted #c2c2c2; text-align: left;\">\r\n<p style=\"box-sizing: border-box; margin: 0px; line-height: 1.42857 !important;\">Dianka th&iacute;ch th&uacute; khi được thủ m&ocirc;n B&ugrave;i Tiến Dũng đưa về qu&ecirc; ăn Tết</p>\r\n<div class=\"source\" style=\"box-sizing: border-box; outline: 0px; color: #aaaaaa; margin-bottom: 0px; text-transform: uppercase; margin-top: 2px; font-size: 12px !important; line-height: 1.42857 !important;\">\r\n<p style=\"box-sizing: border-box; margin: 0px; line-height: 1.42857 !important;\">FBNV</p>\r\n</div>\r\n</div>\r\n</div>\r\n</div>\r\n</td>\r\n</tr>\r\n</tbody>\r\n</table>\r\n</div>\r\n<div style=\"box-sizing: border-box; outline: 0px; margin-bottom: 20px; line-height: 30px !important;\">Dianka Zakhidova bất ngờ trước vẻ đẹp hoang sơ ở v&ugrave;ng qu&ecirc;, được bạn trai đưa đi dạo tr&ecirc;n đường l&agrave;ng, th&iacute;ch th&uacute; khi xem&nbsp;<a style=\"box-sizing: border-box; text-decoration-line: none; color: #00739f; background-color: transparent; display: inline; transition: all 0.2s ease-out 0s; line-height: 30px !important;\" href=\"https://thanhnien.vn/the-thao/bong-da-viet-nam/cho-doi-gi-o-thu-mon-bui-tien-dung-trong-nam-tan-suu-129404t.html\" target=\"_blank\" rel=\"noopener\">ch&agrave;ng trai người Mường B&ugrave;i Tiến Dũng&nbsp;</a>g&otilde; điệu cồng chi&ecirc;ng đầy điệu nghệ. Rất đ&ocirc;ng b&agrave; con họ h&agrave;ng cũng đến nh&agrave; thủ m&ocirc;n B&ugrave;i Tiến Dũng mở tiệc ch&agrave;o đ&oacute;n anh trở về sau 1 năm thi đấu xa nh&agrave; đồng thời xem mặt người y&ecirc;u xinh đẹp của thủ m&ocirc; n&agrave;y.</div>\r\n<div style=\"box-sizing: border-box; outline: 0px; margin-bottom: 20px; line-height: 30px !important;\">\r\n<table class=\"imagefull\" style=\"border-spacing: 0px; width: auto; background-color: transparent; margin-bottom: 10px; height: auto; line-height: 30px !important;\" align=\"center\">\r\n<tbody style=\"box-sizing: border-box; margin-bottom: 0px; line-height: 30px !important;\">\r\n<tr style=\"box-sizing: border-box; margin-bottom: 0px; line-height: 30px !important;\">\r\n<td style=\"box-sizing: border-box; padding: 0px; margin-bottom: 0px; line-height: 30px !important;\">\r\n<div style=\"box-sizing: border-box; outline: 0px; color: #595959; margin-bottom: 0px; text-align: center; line-height: 30px !important;\">\r\n<div class=\"pswp-content__wrapimage\" style=\"box-sizing: border-box; outline: 0px; color: #111111; position: relative; margin: 0px; line-height: 30px !important;\">\r\n<div class=\"pswp-content__image\" style=\"box-sizing: border-box; outline: 0px; margin: 0px; line-height: 30px !important;\">\r\n<figure style=\"box-sizing: border-box; display: block; margin: 0px; line-height: 30px !important;\" data-index=\"2\"><img class=\"loaded\" style=\"box-sizing: border-box; border: 0px; vertical-align: middle; width: 638.4px; max-width: 100%; display: block; min-height: 1px; margin-left: auto; margin-right: auto; margin-bottom: 0px; height: auto; line-height: 30px !important;\" src=\"https://image.thanhnien.vn/660/uploaded/hoangquynh/2021_02_09/btd4_wvej.jpg\" alt=\"Thủ m&ocirc;n B&ugrave;i Tiến Dũng đưa bạn g&aacute;i người mẫu xinh đẹp về qu&ecirc; ăn Tết - ảnh 2\" data-src=\"https://image.thanhnien.vn/660/uploaded/hoangquynh/2021_02_09/btd4_wvej.jpg\" data-was-processed=\"true\" /></figure>\r\n</div>\r\n</div>\r\n<div class=\"pswp-content__caption\" style=\"box-sizing: border-box; outline: 0px; color: #111111; position: relative; margin-top: 5px; margin-bottom: 5px; line-height: 30px !important;\">\r\n<div class=\"imgcaption\" style=\"box-sizing: border-box; outline: 0px; color: #555555; font-size: 14px !important; line-height: 1.42857 !important; margin-bottom: 0px; padding-bottom: 10px; margin-top: 10px; border-bottom: 1px dotted #c2c2c2; text-align: left;\">\r\n<p style=\"box-sizing: border-box; margin: 0px; line-height: 1.42857 !important;\">Thủ m&ocirc;n B&ugrave;i Tiến Dũng c&oacute; mối t&igrave;nh đẹp với bạn g&aacute;i người mẫu Ukraine</p>\r\n<div class=\"source\" style=\"box-sizing: border-box; outline: 0px; color: #aaaaaa; margin-bottom: 0px; text-transform: uppercase; margin-top: 2px; font-size: 12px !important; line-height: 1.42857 !important;\">\r\n<p style=\"box-sizing: border-box; margin: 0px; line-height: 1.42857 !important;\">FBNV</p>\r\n</div>\r\n</div>\r\n</div>\r\n</div>\r\n</td>\r\n</tr>\r\n</tbody>\r\n</table>\r\n</div>\r\n<div style=\"box-sizing: border-box; outline: 0px; margin-bottom: 20px; line-height: 30px !important;\">Thủ m&ocirc;n B&ugrave;i Tiến Dũng c&ugrave;ng Dianka Zakhidova quen nhau từ th&aacute;ng 9.2020. Dianka Zakhidova bận rộn với lịch l&agrave;m việc kh&aacute; d&agrave;y của nghề người mẫu tự do, B&ugrave;i Tiến Dũng cũng nỗ lực tập luyện h&ograve;ng khẳng định chổ đứng trong m&agrave;u &aacute;o&nbsp;<a style=\"box-sizing: border-box; text-decoration-line: none; color: #00739f; background-color: transparent; display: inline; transition: all 0.2s ease-out 0s; line-height: 30px !important;\" href=\"https://thanhnien.vn/the-thao/bong-da-viet-nam/trung-ve-khong-the-thay-the-cua-clb-tphcm-bat-ngo-bi-ra-ria-127770t.html\" target=\"_blank\" rel=\"noopener\">CLB TP.HCM</a>. Tuy vậy cả 2 thường xuy&ecirc;n d&agrave;nh thời gian cho nhau, tạo n&ecirc;n cặp đ&ocirc;i &ldquo;hot&rdquo; bậc nhất l&agrave;ng&nbsp;<a style=\"box-sizing: border-box; text-decoration-line: none; color: #00739f; background-color: transparent; display: inline; transition: all 0.2s ease-out 0s; line-height: 30px !important;\" href=\"https://thanhnien.vn/the-thao/bong-da-viet-nam/\" rel=\"\">b&oacute;ng đ&aacute; Việt Nam</a>.</div>\r\n<div style=\"box-sizing: border-box; outline: 0px; margin-bottom: 20px; line-height: 30px !important;\">\r\n<table class=\"imagefull\" style=\"border-spacing: 0px; width: auto; background-color: transparent; margin-bottom: 10px; height: auto; line-height: 30px !important;\" align=\"center\">\r\n<tbody style=\"box-sizing: border-box; margin-bottom: 0px; line-height: 30px !important;\">\r\n<tr style=\"box-sizing: border-box; margin-bottom: 0px; line-height: 30px !important;\">\r\n<td style=\"box-sizing: border-box; padding: 0px; margin-bottom: 0px; line-height: 30px !important;\">\r\n<div style=\"box-sizing: border-box; outline: 0px; color: #595959; margin-bottom: 0px; text-align: center; line-height: 30px !important;\">\r\n<div class=\"pswp-content__wrapimage\" style=\"box-sizing: border-box; outline: 0px; color: #111111; position: relative; margin: 0px; line-height: 30px !important;\">\r\n<div class=\"pswp-content__image\" style=\"box-sizing: border-box; outline: 0px; margin: 0px; line-height: 30px !important;\">\r\n<figure style=\"box-sizing: border-box; display: block; margin: 0px; line-height: 30px !important;\" data-index=\"3\"><img class=\"loaded\" style=\"box-sizing: border-box; border: 0px; vertical-align: middle; width: 638.4px; max-width: 100%; display: block; min-height: 1px; margin-left: auto; margin-right: auto; margin-bottom: 0px; height: auto; line-height: 30px !important;\" src=\"https://image.thanhnien.vn/660/uploaded/hoangquynh/2021_02_09/buitiendungfbnv_rmqy.jpg\" alt=\"Thủ m&ocirc;n B&ugrave;i Tiến Dũng đưa bạn g&aacute;i người mẫu xinh đẹp về qu&ecirc; ăn Tết - ảnh 3\" data-src=\"https://image.thanhnien.vn/660/uploaded/hoangquynh/2021_02_09/buitiendungfbnv_rmqy.jpg\" data-was-processed=\"true\" /></figure>\r\n</div>\r\n</div>\r\n<div class=\"pswp-content__caption\" style=\"box-sizing: border-box; outline: 0px; color: #111111; position: relative; margin-top: 5px; margin-bottom: 5px; line-height: 30px !important;\">\r\n<div class=\"imgcaption\" style=\"box-sizing: border-box; outline: 0px; color: #555555; font-size: 14px !important; line-height: 1.42857 !important; margin-bottom: 0px; padding-bottom: 10px; margin-top: 10px; border-bottom: 1px dotted #c2c2c2; text-align: left;\">\r\n<p style=\"box-sizing: border-box; margin: 0px; line-height: 1.42857 !important;\">B&ugrave;i Tiến Dũng-Diana (phải) thường xuy&ecirc;n b&ecirc;n cạnh nhau</p>\r\n<div class=\"source\" style=\"box-sizing: border-box; outline: 0px; color: #aaaaaa; margin-bottom: 0px; text-transform: uppercase; margin-top: 2px; font-size: 12px !important; line-height: 1.42857 !important;\">\r\n<p style=\"box-sizing: border-box; margin: 0px; line-height: 1.42857 !important;\">FBNV</p>\r\n</div>\r\n</div>\r\n</div>\r\n</div>\r\n</td>\r\n</tr>\r\n</tbody>\r\n</table>\r\n</div>\r\n<div style=\"box-sizing: border-box; outline: 0px; margin-bottom: 20px; line-height: 30px !important;\">Fan của B&ugrave;i Tiến Dũng lẫn Dianka Zakhidova kỳ vọng c&ocirc; n&agrave;ng c&oacute; m&agrave;n ra mắt th&agrave;nh c&ocirc;ng ở qu&ecirc; nh&agrave; Thanh H&oacute;a để sớm b&aacute;o tin vui đ&aacute;m cưới. Năm qua, người h&acirc;m mộ được chứng kiến nhiều&nbsp;<a style=\"box-sizing: border-box; text-decoration-line: none; color: #00739f; background-color: transparent; display: inline; transition: all 0.2s ease-out 0s; line-height: 30px !important;\" href=\"https://thanhnien.vn/the-thao/hau-truong/bui-tien-dung-to-chuc-dam-cuoi-hoanh-trang-nhu-cong-phuong-125484t.html\" target=\"_blank\" rel=\"noopener\">đ&aacute;m cưới đ&igrave;nh đ&aacute;m</a>&nbsp;của c&aacute;c ng&ocirc;i sao&nbsp;<a style=\"box-sizing: border-box; text-decoration-line: none; color: #00739f; background-color: transparent; display: inline; transition: all 0.2s ease-out 0s; line-height: 30px !important;\" href=\"https://thanhnien.vn/the-thao/\" rel=\"\">b&oacute;ng đ&aacute;</a>&nbsp;Việt Nam như C&ocirc;ng Phượng, trung vệ B&ugrave;i Tiến Dũng, Đỗ Duy Mạnh, Nguyễn Xu&acirc;n Mạnh, Phan Văn Đức&hellip;v&agrave; chờ c&aacute;i kết c&oacute; hậu từ chuyện t&igrave;nh của thủ m&ocirc;n B&ugrave;i Tiến Dũng với c&ocirc; bạn g&aacute;i&nbsp;<a style=\"box-sizing: border-box; text-decoration-line: none; color: #00739f; background-color: transparent; display: inline; transition: all 0.2s ease-out 0s; line-height: 30px !important;\" href=\"https://thanhnien.vn/the-thao/bong-da-viet-nam/bui-tien-dung-me-man-voi-ve-dep-cuc-la-cua-nguoi-mau-ukraine-129435t.html\" target=\"_blank\" rel=\"noopener\">người mẫu Ukraine xinh đẹp</a>.</div>\r\n</div>\r\n</div>\r\n</div>', '2021-02-25 00:27:50', '2021-02-25 00:27:50');
INSERT INTO `blog` (`id`, `name`, `detail`, `description`, `created_at`, `updated_at`) VALUES
(4, 'Người mẫu Phan Ngọc Hân: \'Tôi sợ ba mẹ giục lấy chồng\'', 'Người mẫu Phan Ngọc Hân tung bộ ảnh mới, khẳng định quyết tâm trở lại showbiz. Cô gây ấn tượng khi hóa thân thành hình tượng công chúa dịu dàng, khoe nhan sắc rạng rỡ sau thời gian khó khăn do kinh doanh thua lỗ. ', '<div id=\"chapeau\" class=\"sapo\" style=\"box-sizing: border-box; outline: 0px; font-size: 18px; line-height: 28px; margin-bottom: 20px; color: #333333; font-family: Tno, \'Helvetica Neue\', Helvetica, Arial, sans-serif; background-color: #ffffff;\">\r\n<div style=\"box-sizing: border-box; outline: 0px; display: inline;\">&nbsp;</div>\r\n</div>\r\n<div id=\"contentAvatar\" style=\"box-sizing: border-box; outline: 0px; color: #333333; font-family: Tno, \'Helvetica Neue\', Helvetica, Arial, sans-serif; font-size: 14px; background-color: #ffffff;\">\r\n<div class=\"pswp-content__wrapimage\" style=\"box-sizing: border-box; outline: 0px; position: relative; margin-bottom: 25px;\">\r\n<div class=\"pswp-content__image\" style=\"box-sizing: border-box; outline: 0px; text-align: center;\">\r\n<figure style=\"box-sizing: border-box; margin: 0px; display: block;\"><a style=\"box-sizing: border-box; background-color: transparent; display: block; transition: all 0.2s ease-out 0s;\" data-size=\"\"><img class=\"storyavatar loading\" style=\"box-sizing: border-box; border: 0px; vertical-align: middle; max-width: 100%; margin-left: auto; margin-right: auto;\" src=\"https://image.thanhnien.vn/660/uploaded/haoph/2021_02_07/467179623dd6cd8894c713_gpwn.jpg\" alt=\"Người mẫu Ngọc H&acirc;n t&aacute;i xuất sau thời gian vắng b&oacute;ng /// Ảnh: Mon Tran\" data-was-processed=\"true\" /></a></figure>\r\n</div>\r\n<div class=\"pswp-content__caption\" style=\"box-sizing: border-box; outline: 0px; position: relative;\">\r\n<div class=\"imgcaption\" style=\"box-sizing: border-box; outline: 0px; color: #555555; padding-bottom: 10px; margin-top: 10px; border-bottom: 1px dotted #c2c2c2;\">Người mẫu Ngọc H&acirc;n t&aacute;i xuất sau thời gian vắng b&oacute;ng\r\n<div class=\"source\" style=\"box-sizing: border-box; outline: 0px; color: #aaaaaa; text-transform: uppercase; margin-top: 2px; font-size: 11px !important;\">ẢNH: MON TRAN</div>\r\n</div>\r\n</div>\r\n</div>\r\n</div>\r\n<div id=\"livetimelinetop\" style=\"box-sizing: border-box; outline: 0px; color: #333333; font-family: Tno, \'Helvetica Neue\', Helvetica, Arial, sans-serif; font-size: 14px; background-color: #ffffff;\"></div>\r\n<div id=\"abdf\" class=\"details__content\" style=\"box-sizing: border-box; outline: 0px; width: 639px; float: none; color: #333333; font-family: Tno, \'Helvetica Neue\', Helvetica, Arial, sans-serif; font-size: 14px; background-color: #ffffff;\">\r\n<div id=\"main_detail\" class=\"clearfix\" style=\"box-sizing: border-box; outline: 0px; color: #111111; font-size: 18px !important; line-height: 30px !important; margin-bottom: 0px; max-width: 100%;\">\r\n<div id=\"abody\" class=\"cms-body detail\" style=\"box-sizing: border-box; outline: 0px; margin-bottom: 0px; max-width: 100%; line-height: 30px !important;\">\r\n<div style=\"box-sizing: border-box; outline: 0px; margin-bottom: 20px; line-height: 30px !important;\">\r\n<div style=\"box-sizing: border-box; outline: 0px; margin-bottom: 20px; line-height: 30px !important;\">\r\n<table class=\"imagefull\" style=\"border-spacing: 0px; background-color: transparent; width: auto; min-width: 320px; height: auto; line-height: 30px !important;\" align=\"center\">\r\n<tbody style=\"box-sizing: border-box; margin-bottom: 0px; line-height: 30px !important;\">\r\n<tr style=\"box-sizing: border-box; margin-bottom: 0px; line-height: 30px !important;\">\r\n<td style=\"box-sizing: border-box; padding: 0px; margin-bottom: 0px; line-height: 30px !important;\">\r\n<div style=\"box-sizing: border-box; outline: 0px; color: #595959; margin-bottom: 0px; text-align: center; line-height: 30px !important;\">\r\n<div class=\"pswp-content__wrapimage\" style=\"box-sizing: border-box; outline: 0px; color: #111111; position: relative; margin: 0px; line-height: 30px !important;\">\r\n<div class=\"pswp-content__image\" style=\"box-sizing: border-box; outline: 0px; margin: 0px; line-height: 30px !important;\">\r\n<figure style=\"box-sizing: border-box; margin: 0px; display: block; line-height: 30px !important;\" data-index=\"1\"><img class=\"loaded\" style=\"box-sizing: border-box; border: 0px; vertical-align: middle; max-width: 100%; display: block; min-height: 1px; margin-left: auto; margin-right: auto; margin-bottom: 0px; height: auto; line-height: 30px !important;\" src=\"https://image.thanhnien.vn/660/uploaded/haoph/2021_02_07/57a72b736fc79f99c6d617_zcau.jpg\" alt=\"Người mẫu Phan Ngọc H&acirc;n: \'T&ocirc;i sợ ba mẹ giục lấy chồng\' - ảnh 1\" data-src=\"https://image.thanhnien.vn/660/uploaded/haoph/2021_02_07/57a72b736fc79f99c6d617_zcau.jpg\" data-was-processed=\"true\" /></figure>\r\n</div>\r\n</div>\r\n<span style=\"box-sizing: border-box; color: #555555; margin-bottom: 0px; font-family: NotoSerif, Georgia, \'Times New Roman\', Times, serif; line-height: 30px !important;\">Phan Ngọc H&acirc;n rẽ hướng kinh doanh v&agrave; tạm g&aacute;c lại c&aacute;c show diễn catwalk do được chẩn đo&aacute;n lệch sương cột sống nhẹ năm 2020. Mặc d&ugrave; nhận được kh&aacute; nhiều lời mời thế nhưng người đẹp chỉ tham dự c&aacute;c sự kiện để đảm bảo&nbsp;<a style=\"box-sizing: border-box; background-color: transparent; color: #00739f; text-decoration-line: none; display: inline; transition: all 0.2s ease-out 0s; margin-bottom: 0px; line-height: 30px !important;\" href=\"https://thanhnien.vn/suc-khoe/\" rel=\"\">sức khỏe</a>&nbsp;do phải đứng nhiều giờ bằng gi&agrave;y cao g&oacute;t</span>\r\n<div class=\"pswp-content__caption\" style=\"box-sizing: border-box; outline: 0px; color: #111111; position: relative; margin-bottom: 0px; line-height: 30px !important;\">\r\n<div class=\"imgcaption\" style=\"box-sizing: border-box; outline: 0px; color: #555555; font-size: 14px !important; line-height: 1.42857 !important; text-align: left; margin-bottom: 0px; padding-bottom: 10px; margin-top: 10px; border-bottom: 1px dotted #c2c2c2;\">\r\n<div class=\"source\" style=\"box-sizing: border-box; outline: 0px; color: #aaaaaa; margin-bottom: 0px; text-transform: uppercase; margin-top: 2px; font-size: 11px !important; line-height: 1.42857 !important;\">\r\n<p style=\"box-sizing: border-box; margin: 0px; line-height: 1.42857 !important;\">ẢNH: MON TRAN</p>\r\n</div>\r\n</div>\r\n</div>\r\n</div>\r\n</td>\r\n</tr>\r\n</tbody>\r\n</table>\r\n</div>\r\n<div style=\"box-sizing: border-box; outline: 0px; margin-bottom: 20px; line-height: 30px !important;\">\r\n<table class=\"imagefull\" style=\"border-spacing: 0px; background-color: transparent; width: auto; min-width: 320px; height: auto; line-height: 30px !important;\" align=\"center\">\r\n<tbody style=\"box-sizing: border-box; margin-bottom: 0px; line-height: 30px !important;\">\r\n<tr style=\"box-sizing: border-box; margin-bottom: 0px; line-height: 30px !important;\">\r\n<td style=\"box-sizing: border-box; padding: 0px; margin-bottom: 0px; line-height: 30px !important;\">\r\n<div style=\"box-sizing: border-box; outline: 0px; color: #595959; margin-bottom: 0px; text-align: center; line-height: 30px !important;\">\r\n<div class=\"pswp-content__wrapimage\" style=\"box-sizing: border-box; outline: 0px; color: #111111; position: relative; margin: 0px; line-height: 30px !important;\">\r\n<div class=\"pswp-content__image\" style=\"box-sizing: border-box; outline: 0px; margin: 0px; line-height: 30px !important;\">\r\n<figure style=\"box-sizing: border-box; margin: 0px; display: block; line-height: 30px !important;\" data-index=\"2\"><img class=\"loaded\" style=\"box-sizing: border-box; border: 0px; vertical-align: middle; max-width: 100%; display: block; min-height: 1px; margin-left: auto; margin-right: auto; margin-bottom: 0px; height: auto; line-height: 30px !important;\" src=\"https://image.thanhnien.vn/660/uploaded/haoph/2021_02_07/5fd13df378478819d1567_ltjq.jpg\" alt=\"Người mẫu Phan Ngọc H&acirc;n: \'T&ocirc;i sợ ba mẹ giục lấy chồng\' - ảnh 2\" data-src=\"https://image.thanhnien.vn/660/uploaded/haoph/2021_02_07/5fd13df378478819d1567_ltjq.jpg\" data-was-processed=\"true\" /></figure>\r\n</div>\r\n</div>\r\n<div class=\"pswp-content__caption\" style=\"box-sizing: border-box; outline: 0px; color: #111111; position: relative; margin-bottom: 0px; line-height: 30px !important;\">\r\n<div class=\"imgcaption\" style=\"box-sizing: border-box; outline: 0px; color: #555555; font-size: 14px !important; line-height: 1.42857 !important; text-align: left; margin-bottom: 0px; padding-bottom: 10px; margin-top: 10px; border-bottom: 1px dotted #c2c2c2;\">\r\n<p style=\"box-sizing: border-box; margin: 0px; line-height: 1.42857 !important;\">Rẽ hướng&nbsp;<a style=\"box-sizing: border-box; background-color: transparent; color: #555555; text-decoration-line: none; display: inline; transition: all 0.2s ease-out 0s; margin-bottom: 0px; line-height: 1.42857 !important;\" href=\"https://thanhnien.vn/doi-song/spa-tham-my/\">kinh doanh spa</a>&nbsp;nhưng kh&ocirc;ng may mắn lại tr&uacute;ng đợt dịch Covid-19, Phan Ngọc H&acirc;n phải đ&oacute;ng cửa sau nhiều th&aacute;ng gồng g&aacute;nh. Người đẹp tiết lộ c&ocirc; lỗ tiền tỉ sau thời gian d&agrave;i chống chọi. Điều n&agrave;y khiến ch&acirc;n d&agrave;i buồn b&atilde;, stress mấy th&aacute;ng liền. Phan Ngọc H&acirc;n cho biết c&ocirc; hiện đang ấp ủ dự định kinh doanh trong lĩnh vực mới</p>\r\n<div class=\"source\" style=\"box-sizing: border-box; outline: 0px; color: #aaaaaa; margin-bottom: 0px; text-transform: uppercase; margin-top: 2px; font-size: 11px !important; line-height: 1.42857 !important;\">\r\n<p style=\"box-sizing: border-box; margin: 0px; line-height: 1.42857 !important;\">ẢNH: MON TRAN</p>\r\n</div>\r\n</div>\r\n</div>\r\n</div>\r\n</td>\r\n</tr>\r\n</tbody>\r\n</table>\r\n</div>\r\n<div style=\"box-sizing: border-box; outline: 0px; margin-bottom: 20px; line-height: 30px !important;\">\r\n<table class=\"imagefull\" style=\"border-spacing: 0px; background-color: transparent; width: auto; min-width: 320px; height: auto; line-height: 30px !important;\" align=\"center\">\r\n<tbody style=\"box-sizing: border-box; margin-bottom: 0px; line-height: 30px !important;\">\r\n<tr style=\"box-sizing: border-box; margin-bottom: 0px; line-height: 30px !important;\">\r\n<td style=\"box-sizing: border-box; padding: 0px; margin-bottom: 0px; line-height: 30px !important;\">\r\n<div style=\"box-sizing: border-box; outline: 0px; color: #595959; margin-bottom: 0px; text-align: center; line-height: 30px !important;\">\r\n<div class=\"pswp-content__wrapimage\" style=\"box-sizing: border-box; outline: 0px; color: #111111; position: relative; margin: 0px; line-height: 30px !important;\">\r\n<div class=\"pswp-content__image\" style=\"box-sizing: border-box; outline: 0px; margin: 0px; line-height: 30px !important;\">\r\n<figure style=\"box-sizing: border-box; margin: 0px; display: block; line-height: 30px !important;\" data-index=\"3\"><img class=\"loaded\" style=\"box-sizing: border-box; border: 0px; vertical-align: middle; max-width: 100%; display: block; min-height: 1px; margin-left: auto; margin-right: auto; margin-bottom: 0px; height: auto; line-height: 30px !important;\" src=\"https://image.thanhnien.vn/660/uploaded/haoph/2021_02_07/996d6ad32b67db3982763_jqnf.jpg\" alt=\"Người mẫu Phan Ngọc H&acirc;n: \'T&ocirc;i sợ ba mẹ giục lấy chồng\' - ảnh 3\" data-src=\"https://image.thanhnien.vn/660/uploaded/haoph/2021_02_07/996d6ad32b67db3982763_jqnf.jpg\" data-was-processed=\"true\" /></figure>\r\n</div>\r\n</div>\r\n<div class=\"pswp-content__caption\" style=\"box-sizing: border-box; outline: 0px; color: #111111; position: relative; margin-bottom: 0px; line-height: 30px !important;\">\r\n<div class=\"imgcaption\" style=\"box-sizing: border-box; outline: 0px; color: #555555; font-size: 14px !important; line-height: 1.42857 !important; text-align: left; margin-bottom: 0px; padding-bottom: 10px; margin-top: 10px; border-bottom: 1px dotted #c2c2c2;\">\r\n<p style=\"box-sizing: border-box; margin: 0px; line-height: 1.42857 !important;\">Người đẹp cho biết ng&agrave;y 25 &acirc;m lịch c&ocirc; sẽ về qu&ecirc; để ăn tết c&ugrave;ng ba mẹ, sau đ&oacute; l&ecirc;n trạm y tế khai b&aacute;o cụ thể về h&agrave;nh tr&igrave;nh di chuyển v&agrave; sức khỏe của bản th&acirc;n. Phan Ngọc H&acirc;n lu&ocirc;n tr&acirc;n trọng kh&ocirc;ng kh&iacute; đầm ấm b&ecirc;n gia đ&igrave;nh n&ecirc;n về sớm để sắm tết cho ba mẹ</p>\r\n<div class=\"source\" style=\"box-sizing: border-box; outline: 0px; color: #aaaaaa; margin-bottom: 0px; text-transform: uppercase; margin-top: 2px; font-size: 11px !important; line-height: 1.42857 !important;\">\r\n<p style=\"box-sizing: border-box; margin: 0px; line-height: 1.42857 !important;\">ẢNH: MON TRAN</p>\r\n</div>\r\n</div>\r\n</div>\r\n</div>\r\n</td>\r\n</tr>\r\n</tbody>\r\n</table>\r\n</div>\r\n<div style=\"box-sizing: border-box; outline: 0px; margin-bottom: 20px; line-height: 30px !important;\">\r\n<table class=\"imagefull\" style=\"border-spacing: 0px; background-color: transparent; width: auto; min-width: 320px; height: auto; line-height: 30px !important;\" align=\"center\">\r\n<tbody style=\"box-sizing: border-box; margin-bottom: 0px; line-height: 30px !important;\">\r\n<tr style=\"box-sizing: border-box; margin-bottom: 0px; line-height: 30px !important;\">\r\n<td style=\"box-sizing: border-box; padding: 0px; margin-bottom: 0px; line-height: 30px !important;\">\r\n<div style=\"box-sizing: border-box; outline: 0px; color: #595959; margin-bottom: 0px; text-align: center; line-height: 30px !important;\">\r\n<div class=\"pswp-content__wrapimage\" style=\"box-sizing: border-box; outline: 0px; color: #111111; position: relative; margin: 0px; line-height: 30px !important;\">\r\n<div class=\"pswp-content__image\" style=\"box-sizing: border-box; outline: 0px; margin: 0px; line-height: 30px !important;\">\r\n<figure style=\"box-sizing: border-box; margin: 0px; display: block; line-height: 30px !important;\" data-index=\"4\"><img class=\"loaded\" style=\"box-sizing: border-box; border: 0px; vertical-align: middle; max-width: 100%; display: block; min-height: 1px; margin-left: auto; margin-right: auto; margin-bottom: 0px; height: auto; line-height: 30px !important;\" src=\"https://image.thanhnien.vn/660/uploaded/haoph/2021_02_07/e9cc4bfd0e49fe17a7586_yhmf.jpg\" alt=\"Người mẫu Phan Ngọc H&acirc;n: \'T&ocirc;i sợ ba mẹ giục lấy chồng\' - ảnh 4\" data-src=\"https://image.thanhnien.vn/660/uploaded/haoph/2021_02_07/e9cc4bfd0e49fe17a7586_yhmf.jpg\" data-was-processed=\"true\" /></figure>\r\n</div>\r\n</div>\r\n<div class=\"pswp-content__caption\" style=\"box-sizing: border-box; outline: 0px; color: #111111; position: relative; margin-bottom: 0px; line-height: 30px !important;\">\r\n<div class=\"imgcaption\" style=\"box-sizing: border-box; outline: 0px; color: #555555; font-size: 14px !important; line-height: 1.42857 !important; text-align: left; margin-bottom: 0px; padding-bottom: 10px; margin-top: 10px; border-bottom: 1px dotted #c2c2c2;\">\r\n<p style=\"box-sizing: border-box; margin: 0px; line-height: 1.42857 !important;\">Phan Ngọc H&acirc;n cũng b&agrave;y tỏ l&ograve;ng biết ơn khi mỗi năm được sum vầy c&ugrave;ng gia đ&igrave;nh. D&ugrave; đời sống hiện đại nhưng cả nh&agrave; c&ocirc; vẫn giữ phong tục l&agrave;m b&aacute;nh t&eacute;t, trang tr&iacute; nh&agrave; cửa, m&acirc;m ngũ quả...</p>\r\n<p style=\"box-sizing: border-box; margin: 0px; line-height: 1.42857 !important;\">&nbsp;</p>\r\n<p style=\"box-sizing: border-box; margin: 0px; line-height: 1.42857 !important;\">Ảnh: Mon Tran</p>\r\n<p style=\"box-sizing: border-box; margin: 0px; line-height: 1.42857 !important;\">&nbsp;</p>\r\n</div>\r\n</div>\r\n</div>\r\n</td>\r\n</tr>\r\n</tbody>\r\n</table>\r\n</div>\r\n<div style=\"box-sizing: border-box; outline: 0px; margin-bottom: 20px; line-height: 30px !important;\">\r\n<table class=\"imagefull\" style=\"border-spacing: 0px; background-color: transparent; width: auto; min-width: 320px; height: auto; line-height: 30px !important;\" align=\"center\">\r\n<tbody style=\"box-sizing: border-box; margin-bottom: 0px; line-height: 30px !important;\">\r\n<tr style=\"box-sizing: border-box; margin-bottom: 0px; line-height: 30px !important;\">\r\n<td style=\"box-sizing: border-box; padding: 0px; margin-bottom: 0px; line-height: 30px !important;\">\r\n<div style=\"box-sizing: border-box; outline: 0px; color: #595959; margin-bottom: 0px; text-align: center; line-height: 30px !important;\">\r\n<div class=\"pswp-content__wrapimage\" style=\"box-sizing: border-box; outline: 0px; color: #111111; position: relative; margin: 0px; line-height: 30px !important;\">\r\n<div class=\"pswp-content__image\" style=\"box-sizing: border-box; outline: 0px; margin: 0px; line-height: 30px !important;\">\r\n<figure style=\"box-sizing: border-box; margin: 0px; display: block; line-height: 30px !important;\" data-index=\"5\"><img class=\"loaded\" style=\"box-sizing: border-box; border: 0px; vertical-align: middle; max-width: 100%; display: block; min-height: 1px; margin-left: auto; margin-right: auto; margin-bottom: 0px; height: auto; line-height: 30px !important;\" src=\"https://image.thanhnien.vn/660/uploaded/haoph/2021_02_07/0bf4e01ba5af55f10cbe11_ksnt.jpg\" alt=\"Người mẫu Phan Ngọc H&acirc;n: \'T&ocirc;i sợ ba mẹ giục lấy chồng\' - ảnh 5\" data-src=\"https://image.thanhnien.vn/660/uploaded/haoph/2021_02_07/0bf4e01ba5af55f10cbe11_ksnt.jpg\" data-was-processed=\"true\" /></figure>\r\n</div>\r\n</div>\r\n<div class=\"pswp-content__caption\" style=\"box-sizing: border-box; outline: 0px; color: #111111; position: relative; margin-bottom: 0px; line-height: 30px !important;\">\r\n<div class=\"imgcaption\" style=\"box-sizing: border-box; outline: 0px; color: #555555; font-size: 14px !important; line-height: 1.42857 !important; text-align: left; margin-bottom: 0px; padding-bottom: 10px; margin-top: 10px; border-bottom: 1px dotted #c2c2c2;\">\r\n<p style=\"box-sizing: border-box; margin: 0px; line-height: 1.42857 !important;\">Trong loạt ảnh, người đẹp chọn cho m&igrave;nh những bộ c&aacute;nh nền n&atilde;, mong manh trong kh&ocirc;ng gian ngập sắc hoa. Ch&acirc;n d&agrave;i Bạc Li&ecirc;u khoe d&aacute;ng gợi cảm, cho biết m&igrave;nh trưởng th&agrave;nh hơn, biết sống tiết kiệm v&agrave; ng&agrave;y c&agrave;ng suy nghĩ ch&iacute;n chắn. Người đẹp kh&ocirc;ng giấu nổi lo lắng khi thường xuy&ecirc;n bị giục lấy chồng. Phan Ngọc H&acirc;n cho biết c&ocirc; chậm m&agrave; chắc, chọn đ&uacute;ng người chứ kh&ocirc;ng vội v&agrave;ng trước &aacute;p lực của mọi người xung quanh</p>\r\n<div class=\"source\" style=\"box-sizing: border-box; outline: 0px; color: #aaaaaa; margin-bottom: 0px; text-transform: uppercase; margin-top: 2px; font-size: 11px !important; line-height: 1.42857 !important;\">\r\n<p style=\"box-sizing: border-box; margin: 0px; line-height: 1.42857 !important;\">ẢNH: MON TRAN</p>\r\n</div>\r\n</div>\r\n</div>\r\n</div>\r\n</td>\r\n</tr>\r\n</tbody>\r\n</table>\r\n</div>\r\n<div style=\"box-sizing: border-box; outline: 0px; margin-bottom: 20px; line-height: 30px !important;\">\r\n<table class=\"imagefull\" style=\"border-spacing: 0px; background-color: transparent; width: auto; min-width: 320px; height: auto; line-height: 30px !important;\" align=\"center\">\r\n<tbody style=\"box-sizing: border-box; margin-bottom: 0px; line-height: 30px !important;\">\r\n<tr style=\"box-sizing: border-box; margin-bottom: 0px; line-height: 30px !important;\">\r\n<td style=\"box-sizing: border-box; padding: 0px; margin-bottom: 0px; line-height: 30px !important;\">\r\n<div style=\"box-sizing: border-box; outline: 0px; color: #595959; margin-bottom: 0px; text-align: center; line-height: 30px !important;\">\r\n<div class=\"pswp-content__wrapimage\" style=\"box-sizing: border-box; outline: 0px; color: #111111; position: relative; margin: 0px; line-height: 30px !important;\">\r\n<div class=\"pswp-content__image\" style=\"box-sizing: border-box; outline: 0px; margin: 0px; line-height: 30px !important;\">\r\n<figure style=\"box-sizing: border-box; margin: 0px; display: block; line-height: 30px !important;\" data-index=\"6\"><img class=\"loaded\" style=\"box-sizing: border-box; border: 0px; vertical-align: middle; max-width: 100%; display: block; min-height: 1px; margin-left: auto; margin-right: auto; margin-bottom: 0px; height: auto; line-height: 30px !important;\" src=\"https://image.thanhnien.vn/660/uploaded/haoph/2021_02_07/6ed7b3f0f644061a5f558_qrvs.jpg\" alt=\"Người mẫu Phan Ngọc H&acirc;n: \'T&ocirc;i sợ ba mẹ giục lấy chồng\' - ảnh 6\" data-src=\"https://image.thanhnien.vn/660/uploaded/haoph/2021_02_07/6ed7b3f0f644061a5f558_qrvs.jpg\" data-was-processed=\"true\" /></figure>\r\n</div>\r\n</div>\r\n<div class=\"pswp-content__caption\" style=\"box-sizing: border-box; outline: 0px; color: #111111; position: relative; margin-bottom: 0px; line-height: 30px !important;\">\r\n<div class=\"imgcaption\" style=\"box-sizing: border-box; outline: 0px; color: #555555; font-size: 14px !important; line-height: 1.42857 !important; text-align: left; margin-bottom: 0px; padding-bottom: 10px; margin-top: 10px; border-bottom: 1px dotted #c2c2c2;\">\r\n<p style=\"box-sizing: border-box; margin: 0px; line-height: 1.42857 !important;\">Phan Ngọc H&acirc;n vẫn th&iacute;ch phong tục đi ch&ugrave;a đầu năm để cầu sức khỏe, b&igrave;nh an cho ba mẹ. Trước khi về qu&ecirc; ăn tết, c&ocirc; c&ugrave;ng bạn b&egrave; trao qu&agrave; cho những mảnh đời bất hạnh. Nữ người mẫu mong muốn san sẻ, mang hạnh ph&uacute;c đến cho mọi người</p>\r\n<div class=\"source\" style=\"box-sizing: border-box; outline: 0px; color: #aaaaaa; margin-bottom: 0px; text-transform: uppercase; margin-top: 2px; font-size: 11px !important; line-height: 1.42857 !important;\">\r\n<p style=\"box-sizing: border-box; margin: 0px; line-height: 1.42857 !important;\">ẢNH: MON TRAN</p>\r\n</div>\r\n</div>\r\n</div>\r\n</div>\r\n</td>\r\n</tr>\r\n</tbody>\r\n</table>\r\n</div>\r\n</div>\r\n</div>\r\n</div>\r\n</div>', '2021-02-25 00:29:26', '2021-02-25 00:29:26');
INSERT INTO `blog` (`id`, `name`, `detail`, `description`, `created_at`, `updated_at`) VALUES
(5, 'Nhan sắc nóng bỏng của Maya ở tuổi 33 vẫn thu hút khán giả', 'Rũ bỏ hình tượng quý cô ngọt ngào trong Em là của em, Maya trở lại đầy sắc sảo và quyến rũ trong bộ ảnh mới. Diện đầm đen bó sát, nữ diễn viên khiến nhiều người ngưỡng mộ với thân hình đồng hồ cát “vạn người mê”.', '<div id=\"chapeau\" class=\"sapo\" style=\"box-sizing: border-box; outline: 0px; font-size: 18px; line-height: 28px; margin-bottom: 20px; color: #333333; font-family: Tno, \'Helvetica Neue\', Helvetica, Arial, sans-serif; background-color: #ffffff;\"></div>\r\n<div id=\"contentAvatar\" style=\"box-sizing: border-box; outline: 0px; color: #333333; font-family: Tno, \'Helvetica Neue\', Helvetica, Arial, sans-serif; font-size: 14px; background-color: #ffffff;\">\r\n<div class=\"pswp-content__wrapimage\" style=\"box-sizing: border-box; outline: 0px; position: relative; margin-bottom: 25px;\">\r\n<div class=\"pswp-content__image\" style=\"box-sizing: border-box; outline: 0px; text-align: center;\">\r\n<figure style=\"box-sizing: border-box; margin: 0px; display: block;\"><a style=\"box-sizing: border-box; background-color: transparent; display: block; transition: all 0.2s ease-out 0s;\" data-size=\"\"><img class=\"storyavatar loading\" style=\"box-sizing: border-box; border: 0px; vertical-align: middle; max-width: 100%; margin-left: auto; margin-right: auto;\" src=\"https://image.thanhnien.vn/660/uploaded/congthang/2021_02_06/01-anhnoibat_ewky.jpg\" alt=\"Ở tuổi 33, Maya vẫn được xem như mỹ nh&acirc;n h&agrave;ng &ldquo;top&rdquo; của showbiz Việt. C&ocirc; sở hữu vẻ đẹp c&aacute; t&iacute;nh vừa sắc sảo, vừa c&oacute; ch&uacute;t hoang dại  /// Ảnh: NVCC\" data-was-processed=\"true\" /></a></figure>\r\n</div>\r\n<div class=\"pswp-content__caption\" style=\"box-sizing: border-box; outline: 0px; position: relative;\">\r\n<div class=\"imgcaption\" style=\"box-sizing: border-box; outline: 0px; color: #555555; padding-bottom: 10px; margin-top: 10px; border-bottom: 1px dotted #c2c2c2;\">Ở tuổi 33, Maya vẫn được xem như mỹ nh&acirc;n h&agrave;ng &ldquo;top&rdquo; của showbiz Việt. C&ocirc; sở hữu vẻ đẹp c&aacute; t&iacute;nh vừa sắc sảo, vừa c&oacute; ch&uacute;t hoang dại\r\n<div class=\"source\" style=\"box-sizing: border-box; outline: 0px; color: #aaaaaa; text-transform: uppercase; margin-top: 2px; font-size: 11px !important;\">ẢNH: NVCC</div>\r\n</div>\r\n</div>\r\n</div>\r\n</div>\r\n<div id=\"livetimelinetop\" style=\"box-sizing: border-box; outline: 0px; color: #333333; font-family: Tno, \'Helvetica Neue\', Helvetica, Arial, sans-serif; font-size: 14px; background-color: #ffffff;\"></div>\r\n<div id=\"abdf\" class=\"details__content\" style=\"box-sizing: border-box; outline: 0px; width: 639px; float: none; color: #333333; font-family: Tno, \'Helvetica Neue\', Helvetica, Arial, sans-serif; font-size: 14px; background-color: #ffffff;\">\r\n<div id=\"main_detail\" class=\"clearfix\" style=\"box-sizing: border-box; outline: 0px; color: #111111; font-size: 18px !important; line-height: 30px !important; margin-bottom: 0px; max-width: 100%;\">\r\n<div id=\"abody\" class=\"cms-body detail\" style=\"box-sizing: border-box; outline: 0px; margin-bottom: 0px; max-width: 100%; line-height: 30px !important;\">\r\n<div style=\"box-sizing: border-box; outline: 0px; margin-bottom: 20px; line-height: 30px !important;\">\r\n<div style=\"box-sizing: border-box; outline: 0px; margin-bottom: 20px; line-height: 30px !important;\">&nbsp;\r\n<table class=\"imagefull\" style=\"border-spacing: 0px; background-color: transparent; width: auto; min-width: 320px; height: auto; line-height: 30px !important;\" align=\"center\">\r\n<tbody style=\"box-sizing: border-box; margin-bottom: 0px; line-height: 30px !important;\">\r\n<tr style=\"box-sizing: border-box; margin-bottom: 0px; line-height: 30px !important;\">\r\n<td style=\"box-sizing: border-box; padding: 0px; margin-bottom: 0px; line-height: 30px !important;\">\r\n<div style=\"box-sizing: border-box; outline: 0px; color: #595959; margin-bottom: 0px; text-align: center; line-height: 30px !important;\">\r\n<div class=\"pswp-content__wrapimage\" style=\"box-sizing: border-box; outline: 0px; color: #111111; position: relative; margin: 0px; line-height: 30px !important;\">\r\n<div class=\"pswp-content__image\" style=\"box-sizing: border-box; outline: 0px; margin: 0px; line-height: 30px !important;\">\r\n<figure style=\"box-sizing: border-box; margin: 0px; display: block; line-height: 30px !important;\" data-index=\"1\"><img class=\"loaded\" style=\"box-sizing: border-box; border: 0px; vertical-align: middle; max-width: 100%; display: block; min-height: 1px; margin-left: auto; margin-right: auto; margin-bottom: 0px; height: auto; line-height: 30px !important;\" src=\"https://image.thanhnien.vn/660/uploaded/congthang/2021_02_06/02_wazc.jpg\" alt=\"Nhan sắc n&oacute;ng bỏng của Maya ở tuổi 33 - ảnh 1\" data-src=\"https://image.thanhnien.vn/660/uploaded/congthang/2021_02_06/02_wazc.jpg\" data-was-processed=\"true\" /></figure>\r\n</div>\r\n</div>\r\n<div class=\"pswp-content__caption\" style=\"box-sizing: border-box; outline: 0px; color: #111111; position: relative; margin-bottom: 0px; line-height: 30px !important;\">\r\n<div class=\"imgcaption\" style=\"box-sizing: border-box; outline: 0px; color: #555555; font-size: 14px !important; line-height: 1.42857 !important; text-align: left; margin-bottom: 0px; padding-bottom: 10px; margin-top: 10px; border-bottom: 1px dotted #c2c2c2;\">\r\n<p style=\"box-sizing: border-box; margin: 0px; line-height: 1.42857 !important;\">Khi đang tr&ecirc;n đỉnh danh vọng, Maya bất ngờ sang Mỹ sinh con. Những ồn &agrave;o xung quanh mối t&igrave;nh 7 năm cũng như đồn đo&aacute;n bấy l&acirc;u đều được đ&aacute;p trả bằng sự im lặng của người đẹp</p>\r\n</div>\r\n</div>\r\n</div>\r\n</td>\r\n</tr>\r\n</tbody>\r\n</table>\r\n<table class=\"imagefull\" style=\"border-spacing: 0px; background-color: transparent; width: auto; min-width: 320px; margin-top: 5px; height: auto; line-height: 30px !important;\" align=\"center\">\r\n<tbody style=\"box-sizing: border-box; margin-bottom: 0px; line-height: 30px !important;\">\r\n<tr style=\"box-sizing: border-box; margin-bottom: 0px; line-height: 30px !important;\">\r\n<td style=\"box-sizing: border-box; padding: 0px; margin-bottom: 0px; line-height: 30px !important;\">\r\n<div style=\"box-sizing: border-box; outline: 0px; color: #595959; margin-bottom: 0px; text-align: center; line-height: 30px !important;\">\r\n<div class=\"pswp-content__wrapimage\" style=\"box-sizing: border-box; outline: 0px; color: #111111; position: relative; margin: 0px; line-height: 30px !important;\">\r\n<div class=\"pswp-content__image\" style=\"box-sizing: border-box; outline: 0px; margin: 0px; line-height: 30px !important;\">\r\n<figure style=\"box-sizing: border-box; margin: 0px; display: block; line-height: 30px !important;\" data-index=\"2\"><img class=\"loaded\" style=\"box-sizing: border-box; border: 0px; vertical-align: middle; max-width: 100%; display: block; min-height: 1px; margin-left: auto; margin-right: auto; margin-bottom: 0px; height: auto; line-height: 30px !important;\" src=\"https://image.thanhnien.vn/660/uploaded/congthang/2021_02_06/03_cwmx.jpg\" alt=\"Nhan sắc n&oacute;ng bỏng của Maya ở tuổi 33 - ảnh 2\" data-src=\"https://image.thanhnien.vn/660/uploaded/congthang/2021_02_06/03_cwmx.jpg\" data-was-processed=\"true\" /></figure>\r\n</div>\r\n</div>\r\n<div class=\"pswp-content__caption\" style=\"box-sizing: border-box; outline: 0px; color: #111111; position: relative; margin-bottom: 0px; line-height: 30px !important;\">\r\n<div class=\"imgcaption\" style=\"box-sizing: border-box; outline: 0px; color: #555555; font-size: 14px !important; line-height: 1.42857 !important; text-align: left; margin-bottom: 0px; padding-bottom: 10px; margin-top: 10px; border-bottom: 1px dotted #c2c2c2;\">\r\n<p style=\"box-sizing: border-box; margin: 0px; line-height: 1.42857 !important;\">Trong suốt h&agrave;nh tr&igrave;nh chinh phục h&agrave;o quang, Maya chưa một lần l&ecirc;n tiếng đ&iacute;nh ch&iacute;nh những tin đồn xung quanh chuyện c&aacute; nh&acirc;n. Maya chỉ tập trung v&agrave;o chuy&ecirc;n m&ocirc;n, mục ti&ecirc;u của c&ocirc; trong&nbsp;<a style=\"box-sizing: border-box; background-color: transparent; color: #555555; text-decoration-line: none; display: inline; transition: all 0.2s ease-out 0s; margin-bottom: 0px; line-height: 1.42857 !important;\" href=\"https://thanhnien.vn/van-hoa/\" rel=\"\">nghệ thuật</a>&nbsp;v&agrave; vun v&eacute;n cho gia đ&igrave;nh nhỏ của m&igrave;nh</p>\r\n</div>\r\n</div>\r\n</div>\r\n</td>\r\n</tr>\r\n</tbody>\r\n</table>\r\n<table class=\"imagefull\" style=\"border-spacing: 0px; background-color: transparent; width: auto; min-width: 320px; margin-top: 5px; height: auto; line-height: 30px !important;\" align=\"center\">\r\n<tbody style=\"box-sizing: border-box; margin-bottom: 0px; line-height: 30px !important;\">\r\n<tr style=\"box-sizing: border-box; margin-bottom: 0px; line-height: 30px !important;\">\r\n<td style=\"box-sizing: border-box; padding: 0px; margin-bottom: 0px; line-height: 30px !important;\">\r\n<div style=\"box-sizing: border-box; outline: 0px; color: #595959; margin-bottom: 0px; text-align: center; line-height: 30px !important;\">\r\n<div class=\"pswp-content__wrapimage\" style=\"box-sizing: border-box; outline: 0px; color: #111111; position: relative; margin: 0px; line-height: 30px !important;\">\r\n<div class=\"pswp-content__image\" style=\"box-sizing: border-box; outline: 0px; margin: 0px; line-height: 30px !important;\">\r\n<figure style=\"box-sizing: border-box; margin: 0px; display: block; line-height: 30px !important;\" data-index=\"3\"><img class=\"loaded\" style=\"box-sizing: border-box; border: 0px; vertical-align: middle; max-width: 100%; display: block; min-height: 1px; margin-left: auto; margin-right: auto; margin-bottom: 0px; height: auto; line-height: 30px !important;\" src=\"https://image.thanhnien.vn/660/uploaded/congthang/2021_02_06/04_tzor.jpg\" alt=\"Nhan sắc n&oacute;ng bỏng của Maya ở tuổi 33 - ảnh 3\" data-src=\"https://image.thanhnien.vn/660/uploaded/congthang/2021_02_06/04_tzor.jpg\" data-was-processed=\"true\" /></figure>\r\n</div>\r\n</div>\r\n<div class=\"pswp-content__caption\" style=\"box-sizing: border-box; outline: 0px; color: #111111; position: relative; margin-bottom: 0px; line-height: 30px !important;\">\r\n<div class=\"imgcaption\" style=\"box-sizing: border-box; outline: 0px; color: #555555; font-size: 14px !important; line-height: 1.42857 !important; text-align: left; margin-bottom: 0px; padding-bottom: 10px; margin-top: 10px; border-bottom: 1px dotted #c2c2c2;\">\r\n<p style=\"box-sizing: border-box; margin: 0px; line-height: 1.42857 !important;\">Đ&atilde; l&agrave; mẹ một con nhưng Maya vẫn duy tr&igrave; được nhan sắc trẻ trung c&ugrave;ng th&acirc;n h&igrave;nh quyến rũ. Năm nay b&eacute; Bồ C&acirc;u, con g&aacute;i của Maya vừa tr&ograve;n 6 tuổi</p>\r\n</div>\r\n</div>\r\n</div>\r\n</td>\r\n</tr>\r\n</tbody>\r\n</table>\r\n<table class=\"imagefull\" style=\"border-spacing: 0px; background-color: transparent; width: auto; min-width: 320px; margin-top: 5px; height: auto; line-height: 30px !important;\" align=\"center\">\r\n<tbody style=\"box-sizing: border-box; margin-bottom: 0px; line-height: 30px !important;\">\r\n<tr style=\"box-sizing: border-box; margin-bottom: 0px; line-height: 30px !important;\">\r\n<td style=\"box-sizing: border-box; padding: 0px; margin-bottom: 0px; line-height: 30px !important;\">\r\n<div style=\"box-sizing: border-box; outline: 0px; color: #595959; margin-bottom: 0px; text-align: center; line-height: 30px !important;\">\r\n<div class=\"pswp-content__wrapimage\" style=\"box-sizing: border-box; outline: 0px; color: #111111; position: relative; margin: 0px; line-height: 30px !important;\">\r\n<div class=\"pswp-content__image\" style=\"box-sizing: border-box; outline: 0px; margin: 0px; line-height: 30px !important;\">\r\n<figure style=\"box-sizing: border-box; margin: 0px; display: block; line-height: 30px !important;\" data-index=\"4\"><img class=\"loaded\" style=\"box-sizing: border-box; border: 0px; vertical-align: middle; max-width: 100%; display: block; min-height: 1px; margin-left: auto; margin-right: auto; margin-bottom: 0px; height: auto; line-height: 30px !important;\" src=\"https://image.thanhnien.vn/660/uploaded/congthang/2021_02_06/05_fkxg.jpg\" alt=\"Nhan sắc n&oacute;ng bỏng của Maya ở tuổi 33 - ảnh 4\" data-src=\"https://image.thanhnien.vn/660/uploaded/congthang/2021_02_06/05_fkxg.jpg\" data-was-processed=\"true\" /></figure>\r\n</div>\r\n</div>\r\n<div class=\"pswp-content__caption\" style=\"box-sizing: border-box; outline: 0px; color: #111111; position: relative; margin-bottom: 0px; line-height: 30px !important;\">\r\n<div class=\"imgcaption\" style=\"box-sizing: border-box; outline: 0px; color: #555555; font-size: 14px !important; line-height: 1.42857 !important; text-align: left; margin-bottom: 0px; padding-bottom: 10px; margin-top: 10px; border-bottom: 1px dotted #c2c2c2;\">\r\n<p style=\"box-sizing: border-box; margin: 0px; line-height: 1.42857 !important;\">Gương mặt g&oacute;c cạnh c&ugrave;ng đ&ocirc;i ch&acirc;n d&agrave;i mi&ecirc;n man l&agrave;m n&ecirc;n thương hiệu nhan sắc của Maya</p>\r\n</div>\r\n</div>\r\n</div>\r\n</td>\r\n</tr>\r\n</tbody>\r\n</table>\r\n<table class=\"imagefull\" style=\"border-spacing: 0px; background-color: transparent; width: auto; min-width: 320px; margin-top: 5px; height: auto; line-height: 30px !important;\" align=\"center\">\r\n<tbody style=\"box-sizing: border-box; margin-bottom: 0px; line-height: 30px !important;\">\r\n<tr style=\"box-sizing: border-box; margin-bottom: 0px; line-height: 30px !important;\">\r\n<td style=\"box-sizing: border-box; padding: 0px; margin-bottom: 0px; line-height: 30px !important;\">\r\n<div style=\"box-sizing: border-box; outline: 0px; color: #595959; margin-bottom: 0px; text-align: center; line-height: 30px !important;\">\r\n<div class=\"pswp-content__wrapimage\" style=\"box-sizing: border-box; outline: 0px; color: #111111; position: relative; margin: 0px; line-height: 30px !important;\">\r\n<div class=\"pswp-content__image\" style=\"box-sizing: border-box; outline: 0px; margin: 0px; line-height: 30px !important;\">\r\n<figure style=\"box-sizing: border-box; margin: 0px; display: block; line-height: 30px !important;\" data-index=\"5\"><img class=\"loaded\" style=\"box-sizing: border-box; border: 0px; vertical-align: middle; max-width: 100%; display: block; min-height: 1px; margin-left: auto; margin-right: auto; margin-bottom: 0px; height: auto; line-height: 30px !important;\" src=\"https://image.thanhnien.vn/660/uploaded/congthang/2021_02_06/06_xcod.jpg\" alt=\"Nhan sắc n&oacute;ng bỏng của Maya ở tuổi 33 - ảnh 5\" data-src=\"https://image.thanhnien.vn/660/uploaded/congthang/2021_02_06/06_xcod.jpg\" data-was-processed=\"true\" /></figure>\r\n</div>\r\n</div>\r\n<div class=\"pswp-content__caption\" style=\"box-sizing: border-box; outline: 0px; color: #111111; position: relative; margin-bottom: 0px; line-height: 30px !important;\">\r\n<div class=\"imgcaption\" style=\"box-sizing: border-box; outline: 0px; color: #555555; font-size: 14px !important; line-height: 1.42857 !important; text-align: left; margin-bottom: 0px; padding-bottom: 10px; margin-top: 10px; border-bottom: 1px dotted #c2c2c2;\">\r\n<p style=\"box-sizing: border-box; margin: 0px; line-height: 1.42857 !important;\">Sau gần 10 năm hoạt động trong lĩnh vực&nbsp;<a style=\"box-sizing: border-box; background-color: transparent; color: #555555; text-decoration-line: none; display: inline; transition: all 0.2s ease-out 0s; margin-bottom: 0px; line-height: 1.42857 !important;\" href=\"https://thanhnien.vn/van-hoa/dien-anh/\" rel=\"\">điện ảnh</a>, Maya vẫn l&agrave; một trong những mỹ nh&acirc;n được săn đ&oacute;n h&agrave;ng đầu. Người đẹp trưởng th&agrave;nh qua từng vai diễn v&agrave; c&oacute; khả năng biến h&oacute;a linh hoạt trong nhiều loại vai</p>\r\n</div>\r\n</div>\r\n</div>\r\n</td>\r\n</tr>\r\n</tbody>\r\n</table>\r\n<table class=\"imagefull\" style=\"border-spacing: 0px; background-color: transparent; width: auto; min-width: 320px; margin-top: 5px; height: auto; line-height: 30px !important;\" align=\"center\">\r\n<tbody style=\"box-sizing: border-box; margin-bottom: 0px; line-height: 30px !important;\">\r\n<tr style=\"box-sizing: border-box; margin-bottom: 0px; line-height: 30px !important;\">\r\n<td style=\"box-sizing: border-box; padding: 0px; margin-bottom: 0px; line-height: 30px !important;\">\r\n<div style=\"box-sizing: border-box; outline: 0px; color: #595959; margin-bottom: 0px; text-align: center; line-height: 30px !important;\">\r\n<div class=\"pswp-content__wrapimage\" style=\"box-sizing: border-box; outline: 0px; color: #111111; position: relative; margin: 0px; line-height: 30px !important;\">\r\n<div class=\"pswp-content__image\" style=\"box-sizing: border-box; outline: 0px; margin: 0px; line-height: 30px !important;\">\r\n<figure style=\"box-sizing: border-box; margin: 0px; display: block; line-height: 30px !important;\" data-index=\"6\"><img class=\"loaded\" style=\"box-sizing: border-box; border: 0px; vertical-align: middle; max-width: 100%; display: block; min-height: 1px; margin-left: auto; margin-right: auto; margin-bottom: 0px; height: auto; line-height: 30px !important;\" src=\"https://image.thanhnien.vn/660/uploaded/congthang/2021_02_06/07_xjiv.jpg\" alt=\"Nhan sắc n&oacute;ng bỏng của Maya ở tuổi 33 - ảnh 6\" data-src=\"https://image.thanhnien.vn/660/uploaded/congthang/2021_02_06/07_xjiv.jpg\" data-was-processed=\"true\" /></figure>\r\n</div>\r\n</div>\r\n<div class=\"pswp-content__caption\" style=\"box-sizing: border-box; outline: 0px; color: #111111; position: relative; margin-bottom: 0px; line-height: 30px !important;\">\r\n<div class=\"imgcaption\" style=\"box-sizing: border-box; outline: 0px; color: #555555; font-size: 14px !important; line-height: 1.42857 !important; text-align: left; margin-bottom: 0px; padding-bottom: 10px; margin-top: 10px; border-bottom: 1px dotted #c2c2c2;\">\r\n<p style=\"box-sizing: border-box; margin: 0px; line-height: 1.42857 !important;\">Kh&ocirc;ng chỉ g&acirc;y ấn tượng qua những bộ phim thương mại đ&igrave;nh đ&aacute;m như&nbsp;<em style=\"box-sizing: border-box; margin-bottom: 0px; line-height: 1.42857 !important;\">Scandal, C&ocirc; d&acirc;u đại chiến 2, S&agrave;i G&ograve;n anh y&ecirc;u em</em>, Maya c&ograve;n kh&ocirc;ng ngại thử nghiệm m&igrave;nh ở d&ograve;ng phim art house</p>\r\n</div>\r\n</div>\r\n</div>\r\n</td>\r\n</tr>\r\n</tbody>\r\n</table>\r\n<table class=\"imagefull\" style=\"border-spacing: 0px; background-color: transparent; width: auto; min-width: 320px; margin-top: 5px; height: auto; line-height: 30px !important;\" align=\"center\">\r\n<tbody style=\"box-sizing: border-box; margin-bottom: 0px; line-height: 30px !important;\">\r\n<tr style=\"box-sizing: border-box; margin-bottom: 0px; line-height: 30px !important;\">\r\n<td style=\"box-sizing: border-box; padding: 0px; margin-bottom: 0px; line-height: 30px !important;\">\r\n<div style=\"box-sizing: border-box; outline: 0px; color: #595959; margin-bottom: 0px; text-align: center; line-height: 30px !important;\">\r\n<div class=\"pswp-content__wrapimage\" style=\"box-sizing: border-box; outline: 0px; color: #111111; position: relative; margin: 0px; line-height: 30px !important;\">\r\n<div class=\"pswp-content__image\" style=\"box-sizing: border-box; outline: 0px; margin: 0px; line-height: 30px !important;\">\r\n<figure style=\"box-sizing: border-box; margin: 0px; display: block; line-height: 30px !important;\" data-index=\"7\"><img class=\"loaded\" style=\"box-sizing: border-box; border: 0px; vertical-align: middle; max-width: 100%; display: block; min-height: 1px; margin-left: auto; margin-right: auto; margin-bottom: 0px; height: auto; line-height: 30px !important;\" src=\"https://image.thanhnien.vn/660/uploaded/congthang/2021_02_06/08_dgde.jpg\" alt=\"Nhan sắc n&oacute;ng bỏng của Maya ở tuổi 33 - ảnh 7\" data-src=\"https://image.thanhnien.vn/660/uploaded/congthang/2021_02_06/08_dgde.jpg\" data-was-processed=\"true\" /></figure>\r\n</div>\r\n</div>\r\n<div class=\"pswp-content__caption\" style=\"box-sizing: border-box; outline: 0px; color: #111111; position: relative; margin-bottom: 0px; line-height: 30px !important;\">\r\n<div class=\"imgcaption\" style=\"box-sizing: border-box; outline: 0px; color: #555555; font-size: 14px !important; line-height: 1.42857 !important; text-align: left; margin-bottom: 0px; padding-bottom: 10px; margin-top: 10px; border-bottom: 1px dotted #c2c2c2;\">\r\n<p style=\"box-sizing: border-box; margin: 0px; line-height: 1.42857 !important;\">Năm 2019, kh&aacute;n giả bất ngờ khi nh&igrave;n thấy nữ diễn vi&ecirc;n ho&agrave;n to&agrave;n lột x&aacute;c qua vai Mợ hai trong phim&nbsp;<em style=\"box-sizing: border-box; margin-bottom: 0px; line-height: 1.42857 !important;\">Vợ Ba</em>. Trong phim, Maya lăn xả hết m&igrave;nh v&igrave; nh&acirc;n vật, thậm ch&iacute; kh&ocirc;ng ngại đ&oacute;ng cảnh n&oacute;ng, cảnh h&ocirc;n đồng giới</p>\r\n</div>\r\n</div>\r\n</div>\r\n</td>\r\n</tr>\r\n</tbody>\r\n</table>\r\n<table class=\"imagefull\" style=\"border-spacing: 0px; background-color: transparent; width: auto; min-width: 320px; margin-top: 5px; height: auto; line-height: 30px !important;\" align=\"center\">\r\n<tbody style=\"box-sizing: border-box; margin-bottom: 0px; line-height: 30px !important;\">\r\n<tr style=\"box-sizing: border-box; margin-bottom: 0px; line-height: 30px !important;\">\r\n<td style=\"box-sizing: border-box; padding: 0px; margin-bottom: 0px; line-height: 30px !important;\">\r\n<div style=\"box-sizing: border-box; outline: 0px; color: #595959; margin-bottom: 0px; text-align: center; line-height: 30px !important;\">\r\n<div class=\"pswp-content__wrapimage\" style=\"box-sizing: border-box; outline: 0px; color: #111111; position: relative; margin: 0px; line-height: 30px !important;\">\r\n<div class=\"pswp-content__image\" style=\"box-sizing: border-box; outline: 0px; margin: 0px; line-height: 30px !important;\">\r\n<figure style=\"box-sizing: border-box; margin: 0px; display: block; line-height: 30px !important;\" data-index=\"8\"><img class=\"loaded\" style=\"box-sizing: border-box; border: 0px; vertical-align: middle; max-width: 100%; display: block; min-height: 1px; margin-left: auto; margin-right: auto; margin-bottom: 0px; height: auto; line-height: 30px !important;\" src=\"https://image.thanhnien.vn/660/uploaded/congthang/2021_02_06/09_owpv.png\" alt=\"Nhan sắc n&oacute;ng bỏng của Maya ở tuổi 33 - ảnh 8\" data-src=\"https://image.thanhnien.vn/660/uploaded/congthang/2021_02_06/09_owpv.png\" data-was-processed=\"true\" /></figure>\r\n</div>\r\n</div>\r\n<div class=\"pswp-content__caption\" style=\"box-sizing: border-box; outline: 0px; color: #111111; position: relative; margin-bottom: 0px; line-height: 30px !important;\">\r\n<div class=\"imgcaption\" style=\"box-sizing: border-box; outline: 0px; color: #555555; font-size: 14px !important; line-height: 1.42857 !important; text-align: left; margin-bottom: 0px; padding-bottom: 10px; margin-top: 10px; border-bottom: 1px dotted #c2c2c2;\">\r\n<p style=\"box-sizing: border-box; margin: 0px; line-height: 1.42857 !important;\">Qua vai diễn phụ n&agrave;y, h&igrave;nh ảnh một tắc k&egrave; hoa trong nghệ thuật của Maya được n&acirc;ng l&ecirc;n một tầm cao mới. Bởi giờ đ&acirc;y c&ocirc; kh&ocirc;ng chỉ l&agrave; một ca sĩ, một b&oacute;ng hồng phim thương mại m&agrave; ho&agrave;n to&agrave;n c&oacute; khả năng đảm nhận những vai diễn t&acirc;m l&yacute; phức tạp</p>\r\n</div>\r\n</div>\r\n</div>\r\n</td>\r\n</tr>\r\n</tbody>\r\n</table>\r\n<table class=\"imagefull\" style=\"border-spacing: 0px; background-color: transparent; width: auto; min-width: 320px; margin-top: 5px; height: auto; line-height: 30px !important;\" align=\"center\">\r\n<tbody style=\"box-sizing: border-box; margin-bottom: 0px; line-height: 30px !important;\">\r\n<tr style=\"box-sizing: border-box; margin-bottom: 0px; line-height: 30px !important;\">\r\n<td style=\"box-sizing: border-box; padding: 0px; margin-bottom: 0px; line-height: 30px !important;\">\r\n<div style=\"box-sizing: border-box; outline: 0px; color: #595959; margin-bottom: 0px; text-align: center; line-height: 30px !important;\">\r\n<div class=\"pswp-content__wrapimage\" style=\"box-sizing: border-box; outline: 0px; color: #111111; position: relative; margin: 0px; line-height: 30px !important;\">\r\n<div class=\"pswp-content__image\" style=\"box-sizing: border-box; outline: 0px; margin: 0px; line-height: 30px !important;\">\r\n<figure style=\"box-sizing: border-box; margin: 0px; display: block; line-height: 30px !important;\" data-index=\"9\"><img class=\"loaded\" style=\"box-sizing: border-box; border: 0px; vertical-align: middle; max-width: 100%; display: block; min-height: 1px; margin-left: auto; margin-right: auto; margin-bottom: 0px; height: auto; line-height: 30px !important;\" src=\"https://image.thanhnien.vn/660/uploaded/congthang/2021_02_06/10_makp.jpg\" alt=\"Nhan sắc n&oacute;ng bỏng của Maya ở tuổi 33 - ảnh 9\" data-src=\"https://image.thanhnien.vn/660/uploaded/congthang/2021_02_06/10_makp.jpg\" data-was-processed=\"true\" /></figure>\r\n</div>\r\n</div>\r\n<div class=\"pswp-content__caption\" style=\"box-sizing: border-box; outline: 0px; color: #111111; position: relative; margin-bottom: 0px; line-height: 30px !important;\">\r\n<div class=\"imgcaption\" style=\"box-sizing: border-box; outline: 0px; color: #555555; font-size: 14px !important; line-height: 1.42857 !important; text-align: left; margin-bottom: 0px; padding-bottom: 10px; margin-top: 10px; border-bottom: 1px dotted #c2c2c2;\">\r\n<p style=\"box-sizing: border-box; margin: 0px; line-height: 1.42857 !important;\">Năm 2020, Maya tiếp tục c&oacute; m&agrave;n t&aacute;i xuất ấn tượng qua vai c&ocirc; gi&aacute;o dancesport Quỳnh Anh đầy ngọt ng&agrave;o, quyến rũ trong&nbsp;<a style=\"box-sizing: border-box; background-color: transparent; color: #555555; text-decoration-line: none; display: inline; transition: all 0.2s ease-out 0s; margin-bottom: 0px; line-height: 1.42857 !important;\" href=\"https://thanhnien.vn/van-hoa/dien-anh/\" rel=\"\">phim điện ảnh</a>&nbsp;<em style=\"box-sizing: border-box; margin-bottom: 0px; line-height: 1.42857 !important;\">Em l&agrave; của em</em></p>\r\n</div>\r\n</div>\r\n</div>\r\n</td>\r\n</tr>\r\n</tbody>\r\n</table>\r\n<table class=\"imagefull\" style=\"border-spacing: 0px; background-color: transparent; width: auto; min-width: 320px; margin-top: 5px; height: auto; line-height: 30px !important;\" align=\"center\">\r\n<tbody style=\"box-sizing: border-box; margin-bottom: 0px; line-height: 30px !important;\">\r\n<tr style=\"box-sizing: border-box; margin-bottom: 0px; line-height: 30px !important;\">\r\n<td style=\"box-sizing: border-box; padding: 0px; margin-bottom: 0px; line-height: 30px !important;\">\r\n<div style=\"box-sizing: border-box; outline: 0px; color: #595959; margin-bottom: 0px; text-align: center; line-height: 30px !important;\">\r\n<div class=\"pswp-content__wrapimage\" style=\"box-sizing: border-box; outline: 0px; color: #111111; position: relative; margin: 0px; line-height: 30px !important;\">\r\n<div class=\"pswp-content__image\" style=\"box-sizing: border-box; outline: 0px; margin: 0px; line-height: 30px !important;\">\r\n<figure style=\"box-sizing: border-box; margin: 0px; display: block; line-height: 30px !important;\" data-index=\"10\"><img class=\"loaded\" style=\"box-sizing: border-box; border: 0px; vertical-align: middle; max-width: 100%; display: block; min-height: 1px; margin-left: auto; margin-right: auto; margin-bottom: 0px; height: auto; line-height: 30px !important;\" src=\"https://image.thanhnien.vn/660/uploaded/congthang/2021_02_06/11_lqpk.jpg\" alt=\"Nhan sắc n&oacute;ng bỏng của Maya ở tuổi 33 - ảnh 10\" data-src=\"https://image.thanhnien.vn/660/uploaded/congthang/2021_02_06/11_lqpk.jpg\" data-was-processed=\"true\" /></figure>\r\n</div>\r\n</div>\r\n<div class=\"pswp-content__caption\" style=\"box-sizing: border-box; outline: 0px; color: #111111; position: relative; margin-bottom: 0px; line-height: 30px !important;\">\r\n<div class=\"imgcaption\" style=\"box-sizing: border-box; outline: 0px; color: #555555; font-size: 14px !important; line-height: 1.42857 !important; text-align: left; margin-bottom: 0px; padding-bottom: 10px; margin-top: 10px; border-bottom: 1px dotted #c2c2c2;\">\r\n<p style=\"box-sizing: border-box; margin: 0px; line-height: 1.42857 !important;\">Maya chia sẻ rằng&nbsp;<em style=\"box-sizing: border-box; margin-bottom: 0px; line-height: 1.42857 !important;\">Em l&agrave; của em</em>&nbsp;l&agrave; bộ phim cuối c&ugrave;ng c&ocirc; nhận đ&oacute;ng với h&igrave;nh ảnh dễ thương, trẻ trung như ch&iacute;nh t&iacute;nh c&aacute;ch của nh&acirc;n vật. Sau vai diễn Quỳnh Anh, nữ diễn vi&ecirc;n dự định quay trở lại với &acirc;m nhạc v&agrave; chờ đợi c&aacute;c kịch bản phim mới đa dạng hơn</p>\r\n</div>\r\n</div>\r\n</div>\r\n</td>\r\n</tr>\r\n</tbody>\r\n</table>\r\n<table class=\"imagefull\" style=\"border-spacing: 0px; background-color: transparent; width: auto; min-width: 320px; margin-top: 5px; height: auto; line-height: 30px !important;\" align=\"center\">\r\n<tbody style=\"box-sizing: border-box; margin-bottom: 0px; line-height: 30px !important;\">\r\n<tr style=\"box-sizing: border-box; margin-bottom: 0px; line-height: 30px !important;\">\r\n<td style=\"box-sizing: border-box; padding: 0px; margin-bottom: 0px; line-height: 30px !important;\">\r\n<div style=\"box-sizing: border-box; outline: 0px; color: #595959; margin-bottom: 0px; text-align: center; line-height: 30px !important;\">\r\n<div class=\"pswp-content__wrapimage\" style=\"box-sizing: border-box; outline: 0px; color: #111111; position: relative; margin: 0px; line-height: 30px !important;\">\r\n<div class=\"pswp-content__image\" style=\"box-sizing: border-box; outline: 0px; margin: 0px; line-height: 30px !important;\">\r\n<figure style=\"box-sizing: border-box; margin: 0px; display: block; line-height: 30px !important;\" data-index=\"11\"><img class=\"loaded\" style=\"box-sizing: border-box; border: 0px; vertical-align: middle; max-width: 100%; display: block; min-height: 1px; margin-left: auto; margin-right: auto; margin-bottom: 0px; height: auto; line-height: 30px !important;\" src=\"https://image.thanhnien.vn/660/uploaded/congthang/2021_02_06/12_vnhg.jpg\" alt=\"Nhan sắc n&oacute;ng bỏng của Maya ở tuổi 33 - ảnh 11\" data-src=\"https://image.thanhnien.vn/660/uploaded/congthang/2021_02_06/12_vnhg.jpg\" data-was-processed=\"true\" /></figure>\r\n</div>\r\n</div>\r\n<div class=\"pswp-content__caption\" style=\"box-sizing: border-box; outline: 0px; color: #111111; position: relative; margin-bottom: 0px; line-height: 30px !important;\">\r\n<div class=\"imgcaption\" style=\"box-sizing: border-box; outline: 0px; color: #555555; font-size: 14px !important; line-height: 1.42857 !important; text-align: left; margin-bottom: 0px; padding-bottom: 10px; margin-top: 10px; border-bottom: 1px dotted #c2c2c2;\">\r\n<p style=\"box-sizing: border-box; margin: 0px; line-height: 1.42857 !important;\">Maya đang trong thời k&igrave; ch&iacute;n muồi nhan sắc lẫn nội lực diễn xuất</p>\r\n</div>\r\n</div>\r\n</div>\r\n</td>\r\n</tr>\r\n</tbody>\r\n</table>\r\n</div>\r\n</div>\r\n</div>\r\n</div>\r\n</div>', '2021-02-25 00:30:31', '2021-02-25 00:55:59');

-- --------------------------------------------------------

--
-- Cấu trúc bảng cho bảng `buy`
--

CREATE TABLE `buy` (
  `id` int(11) NOT NULL,
  `id-user` int(11) NOT NULL,
  `id-product` int(11) NOT NULL
) ENGINE=InnoDB DEFAULT CHARSET=utf8mb4;

-- --------------------------------------------------------

--
-- Cấu trúc bảng cho bảng `categories`
--

CREATE TABLE `categories` (
  `id` int(11) NOT NULL,
  `cate_name` varchar(200) NOT NULL,
  `desc` mediumtext NOT NULL,
  `show_menu` int(11) NOT NULL,
  `updated_at` timestamp NOT NULL DEFAULT CURRENT_TIMESTAMP,
  `created_at` mediumtext
) ENGINE=InnoDB DEFAULT CHARSET=utf8mb4;

--
-- Đang đổ dữ liệu cho bảng `categories`
--

INSERT INTO `categories` (`id`, `cate_name`, `desc`, `show_menu`, `updated_at`, `created_at`) VALUES
(38, 'Alphabounce', '', 1, '2021-02-27 08:56:28', '2021-02-26 18:29:02'),
(39, 'Stan Smith', 'ngon bổ rẻ', 0, '2021-02-27 08:56:35', '2021-02-26 18:45:42');

-- --------------------------------------------------------

--
-- Cấu trúc bảng cho bảng `order`
--

CREATE TABLE `order` (
  `id` int(11) NOT NULL,
  `id-user` int(11) NOT NULL,
  `date` timestamp NOT NULL DEFAULT CURRENT_TIMESTAMP ON UPDATE CURRENT_TIMESTAMP
) ENGINE=InnoDB DEFAULT CHARSET=utf8mb4;

-- --------------------------------------------------------

--
-- Cấu trúc bảng cho bảng `order-detail`
--

CREATE TABLE `order-detail` (
  `id` int(11) NOT NULL,
  `quantity` int(11) NOT NULL,
  `total_momney` float NOT NULL,
  `id_pro` int(11) NOT NULL,
  `price` int(11) NOT NULL,
  `order_id` int(11) NOT NULL
) ENGINE=InnoDB DEFAULT CHARSET=utf8mb4;

-- --------------------------------------------------------

--
-- Cấu trúc bảng cho bảng `products`
--

CREATE TABLE `products` (
  `id` int(11) NOT NULL,
  `name` varchar(225) NOT NULL,
  `image` varchar(255) NOT NULL,
  `height` float NOT NULL,
  `description` mediumtext NOT NULL,
  `price` float NOT NULL,
  `status` int(11) NOT NULL,
  `created_at` timestamp NULL DEFAULT NULL,
  `updated_at` timestamp NULL DEFAULT NULL,
  `cate_id` int(11) NOT NULL
) ENGINE=InnoDB DEFAULT CHARSET=utf8mb4;

--
-- Đang đổ dữ liệu cho bảng `products`
--

INSERT INTO `products` (`id`, `name`, `image`, `height`, `description`, `price`, `status`, `created_at`, `updated_at`, `cate_id`) VALUES
(117, 'QQQQQQ', '', 0, '', 0, 0, NULL, NULL, 38),
(118, 'giày ', '_MG_0672.jpg', 0, '', 0, 0, NULL, NULL, 39),
(119, 'áo thể thao', '', 0, '', 0, 0, NULL, NULL, 39),
(120, 'QQQQQQ1', '1-500x500.jpg', 0, '', 0, 0, NULL, NULL, 38),
(121, 'QQQQQQaaaa', '', 0, '', 0, 0, NULL, NULL, 38),
(122, 'test', '1-500x500.jpg', 0, '', 0, 0, NULL, NULL, 38),
(123, 'dfsdfds', '3a77e6949520647e3d31.jpg', 0, '', 0, 0, NULL, NULL, 38),
(124, 'bnhhhhhhhh', '0d8e3025d055210b7844.jpg', 0, '', 0, 0, NULL, NULL, 38),
(125, 'QQQQQQ', '0d8e3025d055210b7844.jpg', 0, '', 0, 0, NULL, NULL, 38),
(126, 'sdf', '3a77e6949520647e3d31.jpg', 0, '', 0, 0, NULL, NULL, 38),
(127, 'lll', '1-500x500.jpg', 0, '', 0, 0, NULL, NULL, 38),
(128, 'asdasdas', '0d8e3025d055210b7844.jpg', 0, '', 0, 0, NULL, NULL, 38),
(129, 'fgdggdf', '0d8e3025d055210b7844.jpg', 0, '', 0, 0, NULL, NULL, 38),
(130, 'hjkhjk', '3a77e6949520647e3d31.jpg', 0, '', 0, 0, NULL, NULL, 38),
(131, 'ssss', '0d8e3025d055210b7844.jpg', 0, '', 0, 0, NULL, NULL, 38);

-- --------------------------------------------------------

--
-- Cấu trúc bảng cho bảng `role`
--

CREATE TABLE `role` (
  `id` int(11) NOT NULL,
  `name` varchar(225) NOT NULL,
  `id_role` int(11) NOT NULL,
  `status` int(11) NOT NULL
) ENGINE=InnoDB DEFAULT CHARSET=utf8mb4;

--
-- Đang đổ dữ liệu cho bảng `role`
--

INSERT INTO `role` (`id`, `name`, `id_role`, `status`) VALUES
(1, 'Đối tác thương mại', 100, 0),
(2, 'Khách hàng', 1, 0),
(3, 'Giám Đốc', 201, 1),
(5, 'Phó Giám Đốc', 200, 0),
(6, 'Quản trị website', 199, 0),
(7, 'Hỗ trợ khách hàng', 101, 0);

-- --------------------------------------------------------

--
-- Cấu trúc bảng cho bảng `users`
--

CREATE TABLE `users` (
  `id` int(11) NOT NULL,
  `name` varchar(225) NOT NULL,
  `images` varchar(255) NOT NULL,
  `phone` varchar(12) NOT NULL,
  `id_role` int(11) NOT NULL,
  `address` varchar(225) NOT NULL,
  `email` varchar(225) NOT NULL,
  `password` mediumtext NOT NULL,
  `created_at` datetime NOT NULL DEFAULT CURRENT_TIMESTAMP,
  `date_up` timestamp NOT NULL DEFAULT CURRENT_TIMESTAMP
) ENGINE=InnoDB DEFAULT CHARSET=utf8mb4;

--
-- Đang đổ dữ liệu cho bảng `users`
--

INSERT INTO `users` (`id`, `name`, `images`, `phone`, `id_role`, `address`, `email`, `password`, `created_at`, `date_up`) VALUES
(12, 'Đặng Đình Phương', 'user/602ba442cc81e-20180401_150422.jpg', '0976594507', 3, '238 Âu cơ Tây Hồ , Hà Nội', 'dangxuong2000@gmail.com', '$2y$10$EB.UtoUqMzn7RAyd9ebp0uttNBDl7MEkWLXuNzHiBx2sRvUcXNteK', '2021-02-16 11:53:54', '2021-02-16 10:53:54'),
(13, 'Đỗ thanh tâm', 'user/602ba47852887-14358776-1069415649832919-7592022384148368580-n-1474534547840.jpg', '', 1, '238 Âu cơ Tây Hồ , Hà Nội', 'dangxuong2000@gmail.com', '$2y$10$wE.tHRQW5cylnl3maZDKbuEBKsxZbn9M0uj5I3CMGXjGmSNeyMusa', '2021-02-16 11:54:48', '2021-02-16 10:54:48'),
(19, 'Nguyễn tấn phát', 'user/602ba5f8536f0-5-mau-dong-ho-deo-tay-nam-nu-dep-gia-re-nhat-tai-tphcm.jpg', '0946829409', 5, '238 Âu cơ Tây Hồ , Hà Nội', 'dangxuong2000@gmail.com', '$2y$10$GK6Rr/B0Y5P0vAHYjwwHHu2kREDHciOJRpJUAAerGkUH6TikLaiUW', '2021-02-16 12:01:12', '2021-02-16 11:01:12');

--
-- Chỉ mục cho các bảng đã đổ
--

--
-- Chỉ mục cho bảng `blog`
--
ALTER TABLE `blog`
  ADD PRIMARY KEY (`id`);

--
-- Chỉ mục cho bảng `buy`
--
ALTER TABLE `buy`
  ADD PRIMARY KEY (`id`),
  ADD KEY `buy-user` (`id-user`),
  ADD KEY `but-pro` (`id-product`);

--
-- Chỉ mục cho bảng `categories`
--
ALTER TABLE `categories`
  ADD PRIMARY KEY (`id`);

--
-- Chỉ mục cho bảng `order`
--
ALTER TABLE `order`
  ADD PRIMARY KEY (`id`),
  ADD KEY `order-user` (`id-user`);

--
-- Chỉ mục cho bảng `order-detail`
--
ALTER TABLE `order-detail`
  ADD PRIMARY KEY (`id`),
  ADD KEY `orderdetail-user` (`order_id`),
  ADD KEY `ord` (`id_pro`);

--
-- Chỉ mục cho bảng `products`
--
ALTER TABLE `products`
  ADD PRIMARY KEY (`id`),
  ADD KEY `pro-cate` (`cate_id`);

--
-- Chỉ mục cho bảng `role`
--
ALTER TABLE `role`
  ADD PRIMARY KEY (`id`);

--
-- Chỉ mục cho bảng `users`
--
ALTER TABLE `users`
  ADD PRIMARY KEY (`id`),
  ADD KEY `role` (`id_role`);

--
-- AUTO_INCREMENT cho các bảng đã đổ
--

--
-- AUTO_INCREMENT cho bảng `blog`
--
ALTER TABLE `blog`
  MODIFY `id` int(11) NOT NULL AUTO_INCREMENT, AUTO_INCREMENT=6;

--
-- AUTO_INCREMENT cho bảng `buy`
--
ALTER TABLE `buy`
  MODIFY `id` int(11) NOT NULL AUTO_INCREMENT;

--
-- AUTO_INCREMENT cho bảng `categories`
--
ALTER TABLE `categories`
  MODIFY `id` int(11) NOT NULL AUTO_INCREMENT, AUTO_INCREMENT=40;

--
-- AUTO_INCREMENT cho bảng `order`
--
ALTER TABLE `order`
  MODIFY `id` int(11) NOT NULL AUTO_INCREMENT;

--
-- AUTO_INCREMENT cho bảng `order-detail`
--
ALTER TABLE `order-detail`
  MODIFY `id` int(11) NOT NULL AUTO_INCREMENT;

--
-- AUTO_INCREMENT cho bảng `products`
--
ALTER TABLE `products`
  MODIFY `id` int(11) NOT NULL AUTO_INCREMENT, AUTO_INCREMENT=132;

--
-- AUTO_INCREMENT cho bảng `role`
--
ALTER TABLE `role`
  MODIFY `id` int(11) NOT NULL AUTO_INCREMENT, AUTO_INCREMENT=8;

--
-- AUTO_INCREMENT cho bảng `users`
--
ALTER TABLE `users`
  MODIFY `id` int(11) NOT NULL AUTO_INCREMENT, AUTO_INCREMENT=20;

--
-- Các ràng buộc cho các bảng đã đổ
--

--
-- Các ràng buộc cho bảng `buy`
--
ALTER TABLE `buy`
  ADD CONSTRAINT `but-pro` FOREIGN KEY (`id-product`) REFERENCES `products` (`id`) ON DELETE CASCADE ON UPDATE CASCADE,
  ADD CONSTRAINT `buy-user` FOREIGN KEY (`id-user`) REFERENCES `users` (`id`) ON DELETE CASCADE ON UPDATE CASCADE;

--
-- Các ràng buộc cho bảng `order`
--
ALTER TABLE `order`
  ADD CONSTRAINT `order-user` FOREIGN KEY (`id-user`) REFERENCES `users` (`id`) ON DELETE CASCADE ON UPDATE CASCADE;

--
-- Các ràng buộc cho bảng `order-detail`
--
ALTER TABLE `order-detail`
  ADD CONSTRAINT `ord` FOREIGN KEY (`id_pro`) REFERENCES `products` (`id`) ON UPDATE CASCADE,
  ADD CONSTRAINT `orderdetail-user` FOREIGN KEY (`order_id`) REFERENCES `order` (`id`) ON DELETE CASCADE ON UPDATE CASCADE;

--
-- Các ràng buộc cho bảng `products`
--
ALTER TABLE `products`
  ADD CONSTRAINT `pro-cate` FOREIGN KEY (`cate_id`) REFERENCES `categories` (`id`) ON DELETE CASCADE ON UPDATE CASCADE;

--
-- Các ràng buộc cho bảng `users`
--
ALTER TABLE `users`
  ADD CONSTRAINT `role` FOREIGN KEY (`id_role`) REFERENCES `role` (`id`) ON DELETE CASCADE ON UPDATE CASCADE;
COMMIT;

/*!40101 SET CHARACTER_SET_CLIENT=@OLD_CHARACTER_SET_CLIENT */;
/*!40101 SET CHARACTER_SET_RESULTS=@OLD_CHARACTER_SET_RESULTS */;
/*!40101 SET COLLATION_CONNECTION=@OLD_COLLATION_CONNECTION */;
